status,material_name,base_material_name,ral,variant_key,data_quality_status,calculation_ready,manufacturer,brand,binder,material_type,density,solids_by_volume_percent,price_per_kg,price_per_liter,recommended_dft,theoretical_consumption_kg_m2,practical_consumption_kg_m2,conflict_fields,observation_count,alias_count,source_workbooks
MATERIAL,AMETCOR PRO,AMETCOR PRO,,ametcor pro,NAME_ONLY,False,,,,,,,,,,,,,10,2,Таблица на 1 кв.м ЛКМ основная.xlsx
MATERIAL,Blank DTM,Blank DTM,,blank dtm,READY,True,ООО «Колоридо»,Blank,полиуретан,грунт-эмаль,1.3,60.0,727.0,945.1,157.5,0.15,0.15,,6,2,Системы 2.XLSX | Таблица на 1 кв.м ЛКМ основная.xlsx
MATERIAL,Blank Finish,Blank Finish,,blank finish,READY,True,ООО «Колоридо»,Blank,полиуретан,финишное покрытие,1.3,58.0,676.0,878.8,103.44827586,0.0862069,0.10344828,"density, solids_by_volume_percent",94,3,Системы 1.xls | Системы 2.XLSX | Системы 3.xlsx | Системы 4.xlsx | Таблица на 1 кв.м ЛКМ основная.xlsx
MATERIAL,Blank HP,Blank HP,,blank hp,READY,True,ООО «Колоридо»,Blank,эпоксид,эпоксидное покрытие,1.5,85.0,469.0,703.5,235.29411765,0.16470588,32.94117647,,39,5,Системы 1.xls | Системы 2.XLSX | Системы 3.xlsx | Системы 4.xlsx | Таблица на 1 кв.м ЛКМ основная.xlsx
MATERIAL,Blank MIO,Blank MIO,,blank mio,READY,True,ООО «Колоридо»,Blank,эпоксид,промежуточное покрытие,1.6,73.0,560.0,896.0,171.23287671,0.21917808,0.17123288,"density, solids_by_volume_percent",7,3,Системы 2.XLSX | Системы 3.xlsx | Системы 4.xlsx | Таблица на 1 кв.м ЛКМ основная.xlsx
MATERIAL,Blank One,Blank One,,blank one,READY,True,ООО «Колоридо»,Blank,прочее,грунт-эмаль,1.3,50.0,747.05,971.165,126.0,1.02857143,0.48,,33,3,Таблица на 1 кв.м ЛКМ основная.xlsx
MATERIAL,Blank Tank,Blank Tank,,blank tank,READY,True,ООО «Колоридо»,Blank,эпоксид,эпоксидное покрытие,1.45,90.0,798.0,1157.1,166.66666667,0.16666667,1.45,,22,3,Системы 1.xls | Системы 2.XLSX | Системы 3.xlsx | Системы 4.xlsx | Таблица на 1 кв.м ЛКМ основная.xlsx
MATERIAL,Blank Tank LP,Blank Tank LP,,blank tank lp,PARTIAL_DENSITY,False,ООО «Колоридо»,Blank,эпоксид,эпоксидное покрытие,1.2,,,,,,,,0,1,
MATERIAL,Blank Universal,Blank Universal,,blank universal,READY,True,ООО «Колоридо»,Blank,эпоксид,грунт-эмаль,1.4,73.0,550.0,770.0,109.5890411,0.10958904,0.10958904,"density, solids_by_volume_percent",73,4,Системы 1.xls | Системы 2.XLSX | Системы 3.xlsx | Системы 4.xlsx | Таблица на 1 кв.м ЛКМ основная.xlsx
MATERIAL,Blank Zinc,Blank Zinc,,blank zinc,READY,True,ООО «Колоридо»,Blank,эпоксид,цинконаполненный грунт,2.9,58.0,820.0,2378.0,129.31034483,0.10344828,0.12931034,,7,3,Системы 2.XLSX | Системы 3.xlsx | Системы 4.xlsx | Таблица на 1 кв.м ЛКМ основная.xlsx
MATERIAL,C61 DYOPOL,C61 DYOPOL,,c61 dyopol,PARTIAL_DENSITY,False,,,,,1.35,,,,93.75,,,,5,1,Системы 1.xls
MATERIAL,Ecomast E 270,Ecomast E 270,,ecomast e 270,PARTIAL_DENSITY,False,,,,,1.4,,,,166.66666667,,,,9,1,Системы 1.xls
MATERIAL,Ecomast E 280,Ecomast E 280,,ecomast e 280,PARTIAL_DENSITY,False,,,,,1.4,,,,236.84210526,,,,1,1,Системы 1.xls
MATERIAL,Ecomast PU 74,Ecomast PU 74,,ecomast pu 74,PARTIAL_DENSITY,False,,,,,1.4,,,,96.77419355,,,,4,1,Системы 1.xls
MATERIAL,Ecomast Tank 610,Ecomast Tank 610,,ecomast tank 610,PARTIAL_DENSITY,False,,,,,1.4,,,,316.0,,,,3,1,Системы 1.xls
MATERIAL,Epokind Prime,Epokind Prime,,epokind prime,READY,True,,,Эпоксид,,1.48,73.0,470.0,695.6,246.57534247,0.24657534,,,1,1,Таблица на 1 кв.м ЛКМ основная.xlsx
MATERIAL,GLOBALCOAT 590,GLOBALCOAT 590,,globalcoat 590,READY,True,,,Эпоксид,,1.4,83.0,630.0,882.0,96.38554217,0.09638554,,,20,4,Системы 1.xls | Таблица на 1 кв.м ЛКМ основная.xlsx
MATERIAL,GlobalTop 900,GlobalTop 900,,globaltop 900,READY,True,,,Полиуретан,,1.2,72.0,1215.0,1458.0,83.33333333,0.08333333,0.08333333,solids_by_volume_percent,8,2,Системы 1.xls | Таблица на 1 кв.м ЛКМ основная.xlsx
MATERIAL,INELKA 500 PU,INELKA 500 PU,,inelka 500 pu,READY,True,,,Полиуретан,,1.1,60.0,976.61,1074.271,105.0,0.1,,,1,1,Таблица на 1 кв.м ЛКМ основная.xlsx
MATERIAL,KinDUR UV,KinDUR UV,,kindur uv,READY,True,,,Полиуретан,,1.2,58.0,590.0,708.0,103.44827586,0.10344828,,,1,1,Таблица на 1 кв.м ЛКМ основная.xlsx
MATERIAL,LAKRA БТ-177,LAKRA БТ-177,,lakra бт-177,NAME_ONLY,False,,,,,,,,,,,,,1,2,Таблица на 1 кв.м ЛКМ основная.xlsx
MATERIAL,Masscotank 11,Masscotank 11,,masscotank 11,PARTIAL_DENSITY,False,,,,,1.4,,,,340.65934066,,,,3,1,Системы 1.xls
MATERIAL,NEOMARINE INELKA EPOXY,NEOMARINE INELKA EPOXY,,neomarine inelka epoxy,READY,True,,,Эпоксид,,1.36,68.0,691.13,939.9368,247.05882353,0.23529412,,,1,1,Таблица на 1 кв.м ЛКМ основная.xlsx
MATERIAL,NEOMARINE INELKA ZINC,NEOMARINE INELKA ZINC,,neomarine inelka zinc,READY,True,,,Эпоксид,,2.6,63.0,852.17,2215.642,100.0,0.0952381,,,1,1,Таблица на 1 кв.м ЛКМ основная.xlsx
MATERIAL,PRIM PLATINA Primer LT,PRIM PLATINA Primer LT,,prim platina primer lt,PARTIAL_DENSITY,False,,,,,1.2,,,,161.29032258,,,,16,1,Системы 1.xls
MATERIAL,PRIM URETAN Coat PN,PRIM URETAN Coat PN,,prim uretan coat pn,PARTIAL_DENSITY,False,,,,,1.05,,,,111.11111111,,,,4,1,Системы 1.xls
MATERIAL,PRIMACOR SBA Microzinc,PRIMACOR SBA Microzinc,,primacor sba microzinc,READY,True,,,,,2.3,55.0,1015.0,2334.5,145.45454545,0.14545455,,,1,1,Таблица на 1 кв.м ЛКМ основная.xlsx
MATERIAL,Primapox Metallbase ZP 80,Primapox Metallbase ZP 80,,primapox metallbase zp 80,READY,True,,,Эпоксид,,1.58,91.8,690.0,1090.2,326.79738562,0.32679739,,"density, solids_by_volume_percent",14,2,Системы 1.xls | Таблица на 1 кв.м ЛКМ основная.xlsx
MATERIAL,Primatan SP,Primatan SP,,primatan sp,READY,True,,,,,1.35,57.0,627.0,784.55,210.52631579,0.21052632,,,1,1,Таблица на 1 кв.м ЛКМ основная.xlsx
MATERIAL,R73 DYOPOX MIDCOAT-71,R73 DYOPOX MIDCOAT-71,,r73 dyopox midcoat-71,PARTIAL_DENSITY,False,,,,,1.5,,,,292.68292683,,,,1,2,Системы 1.xls
MATERIAL,Stelpant-2К-PU-Mica UV,Stelpant-2К-PU-Mica UV,,stelpant-2к-pu-mica uv,PARTIAL_DENSITY,False,,,,,1.42,,,,185.18518519,,,,1,1,Системы 1.xls
MATERIAL,Stelpant-PU-Zinc,Stelpant-PU-Zinc,,stelpant-pu-zinc,PARTIAL_DENSITY,False,,,,,3.11,,,,140.84507042,,,,1,1,Системы 1.xls
MATERIAL,VEKSA PP 11,VEKSA PP 11,,veksa pp 11,READY,True,ООО «Колоридо»,Veksa,полиуретан,полиуретановое покрытие,1.5,100.0,,,,,,,0,1,
MATERIAL,VEKSA PR 10,VEKSA PR 10,,veksa pr 10,PARTIAL_DENSITY,False,ООО «Колоридо»,Veksa,полиуретан,грунт,0.98,,,,,,,,0,1,
MATERIAL,WG-Велефорс,WG-Велефорс,,wg-велефорс,PARTIAL_DENSITY,False,,,,,1.45,,,,180.72289157,,,,12,1,Системы 1.xls
MATERIAL,WG-Велефорс Мастик,WG-Велефорс Мастик,,wg-велефорс мастик,PARTIAL_DENSITY,False,,,,,1.53,,,,125.0,,,,10,1,Системы 1.xls
MATERIAL,WG-Сулакавер 2К,WG-Сулакавер 2К,,wg-сулакавер 2к,PARTIAL_DENSITY,False,,,,,1.4,,,,92.30769231,,,,4,1,Системы 1.xls
MATERIAL,БАСА 2К ЭП-0110,БАСА 2К ЭП-0110,,баса 2к эп-0110,READY,True,,,Эпоксид,,1.7,60.0,627.0,1065.9,200.0,733.33333333,,,1,2,Таблица на 1 кв.м ЛКМ основная.xlsx
MATERIAL,ГФ-021,ГФ-021,,гф-021,NAME_ONLY,False,,,,,,,,,,,,,2,3,Таблица на 1 кв.м ЛКМ основная.xlsx
MATERIAL,ГФ-021 с ПФ,ГФ-021 с ПФ,,гф-021 с пф,NAME_ONLY,False,,,,,,,,,,,,,1,2,Таблица на 1 кв.м ЛКМ основная.xlsx
MATERIAL,Декотерм,Декотерм,,декотерм,NAME_ONLY,False,,,,,,,,,,,,,6,1,Таблица на 1 кв.м ЛКМ основная.xlsx
MATERIAL,Декотерм ЭПОКСИ,Декотерм ЭПОКСИ,,декотерм эпокси,NAME_ONLY,False,,,,,,,,,,,,,1,1,Таблица на 1 кв.м ЛКМ основная.xlsx
MATERIAL,Декотерм-эпокси,Декотерм-эпокси,,декотерм-эпокси,NAME_ONLY,False,,,,,,,,,,,,,2,1,Таблица на 1 кв.м ЛКМ основная.xlsx
MATERIAL,Изолэп primer,Изолэп primer,,изолэп primer,READY,True,,,Эпоксид,,1.52,71.0,0.0,0.0,169.01408451,317.76169014,,,1,1,Таблица на 1 кв.м ЛКМ основная.xlsx
MATERIAL,ИЗОЛЭП-mastiс,ИЗОЛЭП-mastiс,,изолэп-mastiс,PARTIAL_DENSITY,False,,,,,1.34,,,,138.88888889,,,,32,1,Системы 1.xls
MATERIAL,ИЗОЛЭП-oil,ИЗОЛЭП-oil,,изолэп-oil,PARTIAL_DENSITY,False,,,,,1.4,,,,355.55555556,,,,3,1,Системы 1.xls
MATERIAL,ИЗОЛЭП-oil 350 AS,ИЗОЛЭП-oil 350 AS,,изолэп-oil 350 as,PARTIAL_DENSITY,False,,,,,1.2,,,,263.15789474,,,,24,2,Системы 1.xls
MATERIAL,КО-814,КО-814,,ко-814,NAME_ONLY,False,,,,,,,,,,,,,1,2,Таблица на 1 кв.м ЛКМ основная.xlsx
MATERIAL,ЛИТАКОУТ,ЛИТАКОУТ,,литакоут,READY,True,,,полиуретан,,1.6,63.0,568.75,910.0,79.36507937,,417.98941799,,1,1,Таблица на 1 кв.м ЛКМ основная.xlsx
MATERIAL,Литакоут Классик,Литакоут Классик,,литакоут классик,READY,True,,,Полиуретан,,1.4,63.0,970.0,1358.0,95.23809524,0.0952381,,,28,4,Системы 1.xls | Таблица на 1 кв.м ЛКМ основная.xlsx
MATERIAL,Литакоут Классик (Фрост),Литакоут Классик (Фрост),,литакоут классик фрост,READY,True,,Литакоут Классик (Фрост),,,1.5,74.0,,,,0.16216216,,,4,1,Системы 3.xlsx
MATERIAL,Литакоут Классик/Фрост,Литакоут Классик/Фрост,,литакоут классик/фрост,READY,True,,63.0,Полиуретан,,1.4,63.0,739.0,1034.6,95.23809524,0.0952381,0.0952381,solids_by_volume_percent,56,2,Системы 1.xls | Таблица на 1 кв.м ЛКМ основная.xlsx
MATERIAL,Литакоут Флекси,Литакоут Флекси,,литакоут флекси,READY,True,,,Полиуретан,,1.4,64.0,916.66666667,1100.0,93.75,0.09375,0.09375,density,4,1,Таблица на 1 кв.м ЛКМ основная.xlsx
MATERIAL,Литакоут Фрост,Литакоут Фрост,,литакоут фрост,READY,True,,,Полиуретан,,1.4,63.0,917.85714286,1285.0,95.23809524,0.0952381,476.19047619,"density, solids_by_volume_percent",5,1,Таблица на 1 кв.м ЛКМ основная.xlsx
MATERIAL,Литакоут Фрост У,Литакоут Фрост У,,литакоут фрост у,READY,True,,,Полиуретан,,1.35,58.0,1037.7686,1400.98761,103.44827586,0.10344828,0.10344828,,2,1,Таблица на 1 кв.м ЛКМ основная.xlsx
MATERIAL,Литамастик 280,Литамастик 280,,литамастик 280,READY,True,,,Эпоксид,,1.5,80.0,786.0,1179.0,175.0,0.175,,,7,1,Системы 1.xls | Таблица на 1 кв.м ЛКМ основная.xlsx
MATERIAL,Литамастик 290,Литамастик 290,,литамастик 290,READY,True,,,Эпоксид,,1.4,80.0,490.0,686.0,375.0,0.375,0.53571429,,6,2,Таблица на 1 кв.м ЛКМ основная.xlsx
MATERIAL,Литамастик 290 СТ,Литамастик 290 СТ,,литамастик 290 ст,PARTIAL_DENSITY,False,,,,,1.4,,,,187.5,,,,6,1,Системы 1.xls
MATERIAL,Литамастик Универсал 20,Литамастик Универсал 20,,литамастик универсал 20,READY,True,,,Эпоксид,,1.4,72.0,791.42857143,1108.0,152.77777778,0.15277778,0.15277778,,17,1,Системы 1.xls | Таблица на 1 кв.м ЛКМ основная.xlsx
MATERIAL,Литапрайм Акрил,Литапрайм Акрил,,литапрайм акрил,READY,True,,,Акрил,,1.2,49.0,741.66666667,890.0,81.63265306,163.26530612,163.26530612,,2,1,Таблица на 1 кв.м ЛКМ основная.xlsx
MATERIAL,Литапрайм Спринт 43140,Литапрайм Спринт 43140,,литапрайм спринт 43140,PARTIAL_DENSITY,False,,,,,1.4,,,,240.0,,,,3,1,Системы 1.xls
MATERIAL,Литапрайм Цинк 80,Литапрайм Цинк 80,,литапрайм цинк 80,READY,True,,,Эпоксид с цинкофосфатом,,2.45,67.0,1408.16326531,3450.0,89.55223881,0.11940299,0.08955224,density,10,1,Системы 1.xls | Таблица на 1 кв.м ЛКМ основная.xlsx
MATERIAL,Литапрайм Экспресс,Литапрайм Экспресс,,литапрайм экспресс,READY,True,,74.0,Эпоксид,,1.6,74.0,537.5,860.0,189.18918919,0.16216216,0.18918919,"density, solids_by_volume_percent",69,3,Системы 1.xls | Таблица на 1 кв.м ЛКМ основная.xlsx
MATERIAL,Литапрайм Экспресс МИО,Литапрайм Экспресс МИО,,литапрайм экспресс мио,READY,True,,,Эпоксид железной слюдкой,,1.5,74.0,660.0,990.0,189.18918919,0.27027027,0.27027027,,10,2,Системы 1.xls | Таблица на 1 кв.м ЛКМ основная.xlsx
MATERIAL,Литапрайм Экспресс Ф,Литапрайм Экспресс Ф,,литапрайм экспресс ф,READY,True,,,Эпоксид с цинкофосфатом,,1.6,74.0,490.0,784.0,162.16216216,0.16216216,0.16216216,density,6,1,Системы 1.xls | Таблица на 1 кв.м ЛКМ основная.xlsx
MATERIAL,Литапрайм Экспресс (Ф/МИО),Литапрайм Экспресс (Ф/МИО),,литапрайм экспресс ф/мио,READY,True,,Литапрайм Экспресс (Ф/МИО),,,1.5,74.0,,,,0.16216216,,,4,1,Системы 3.xlsx
MATERIAL,Литатанк Стандарт,Литатанк Стандарт,,литатанк стандарт,READY,True,,,Фенолэпоксид,,1.57,63.0,815.2866242,1280.0,198.41269841,127.7281746,127.7281746,,13,2,Системы 1.xls | Таблица на 1 кв.м ЛКМ основная.xlsx
MATERIAL,Литатанк Стронг,Литатанк Стронг,,литатанк стронг,READY,True,,,Эпоксид,,1.5,95.0,1218.75,1828.125,157.89473684,0.15789474,0.15789474,,2,1,Таблица на 1 кв.м ЛКМ основная.xlsx
MATERIAL,Литатерм 540 ЦИНК,Литатерм 540 ЦИНК,,литатерм 540 цинк,READY,True,,,ЦинкЭтил,,2.0,80.0,,,93.75,0.09375,0.09375,,1,1,Таблица на 1 кв.м ЛКМ основная.xlsx
MATERIAL,Литатерм Финиш,Литатерм Финиш,,литатерм финиш,READY,True,,,САК,,1.3,43.0,,,139.53488372,0.13953488,0.13953488,,1,1,Таблица на 1 кв.м ЛКМ основная.xlsx
MATERIAL,Литатерм Финиш Алюминиевый,Литатерм Финиш Алюминиевый,,литатерм финиш алюминиевый,PARTIAL_DENSITY,False,,,,,1.18,,,,62.5,,,,9,1,Системы 1.xls
MATERIAL,Литачар,Литачар,,литачар,NAME_ONLY,False,,,,,,,,,,,,,10,1,Таблица на 1 кв.м ЛКМ основная.xlsx
MATERIAL,ОПИ Декотерм-Эпокси,ОПИ Декотерм-Эпокси,,опи декотерм-эпокси,NAME_ONLY,False,,,,,,,,,,,,,1,1,Таблица на 1 кв.м ЛКМ основная.xlsx
MATERIAL,Полак ЭП-21,Полак ЭП-21,,полак эп-21,NAME_ONLY,False,,,,,,,,,,,,,1,1,Таблица на 1 кв.м ЛКМ основная.xlsx
MATERIAL,Полак ЭП-21 №5,Полак ЭП-21 №5,,полак эп-21 5,PARTIAL_DENSITY,False,,,,,1.0,,,,123.07692308,,,,57,1,Системы 1.xls
MATERIAL,Полак ЭП-21 ТБС,Полак ЭП-21 ТБС,,полак эп-21 тбс,PARTIAL_DENSITY,False,,,,,1.0,,,,123.07692308,,,,9,1,Системы 1.xls
MATERIAL,Политон УР,Политон УР,,политон ур,READY,True,,,Полиуретан,,1.4,54.0,1036.0,740.0,111.11111111,0.11111111,0.11111111,density,9,1,Таблица на 1 кв.м ЛКМ основная.xlsx
MATERIAL,ПОЛИТОН-УР (УФ),ПОЛИТОН-УР (УФ),,политон-ур уф,PARTIAL_DENSITY,False,,,,,1.35,,,,111.11111111,,,,12,1,Системы 1.xls
MATERIAL,ПолитонУР УФ,ПолитонУР УФ,,политонур уф,READY,True,,,Полиуретан,,1.35,54.0,0.0,0.0,111.11111111,191.85188889,,,1,1,Таблица на 1 кв.м ЛКМ основная.xlsx
MATERIAL,ПФ-115,ПФ-115,,пф-115,NAME_ONLY,False,,,,,,,,,,,,,3,2,Таблица на 1 кв.м ЛКМ основная.xlsx
MATERIAL,Р10 DYOPOX PRIMER,Р10 DYOPOX PRIMER,,р10 dyopox primer,PARTIAL_DENSITY,False,,,,,1.6,,,,138.88888889,,,,10,1,Системы 1.xls
THINNER,Разбавитель …. для Корропайп 50 10% от объема,Разбавитель …. для Корропайп 50 10% от объема,,разбавитель . для корропайп 50 10 от объема,NAME_ONLY,False,,,,,,,,,,,,,3,1,Системы 1.xls
THINNER,Разбавитель …. для Полак ЭП-21 №5 10% от объема,Разбавитель …. для Полак ЭП-21 №5 10% от объема,,разбавитель . для полак эп-21 5 10 от объема,NAME_ONLY,False,,,,,,,,,,,,,3,1,Системы 1.xls
THINNER,Разбавитель …. для Полак ЭП-21 ТБС №5 10% от объема,Разбавитель …. для Полак ЭП-21 ТБС №5 10% от объема,,разбавитель . для полак эп-21 тбс 5 10 от объема,NAME_ONLY,False,,,,,,,,,,,,,3,1,Системы 1.xls
THINNER,Разбавитель (5%),Разбавитель (5%),,разбавитель 5,NAME_ONLY,False,,,,,,,,420.0,,,,,8,1,Таблица на 1 кв.м ЛКМ основная.xlsx
THINNER,Разбавитель DYO UNIVERSAL THINNER MEDIUM 10% от объема,Разбавитель DYO UNIVERSAL THINNER MEDIUM 10% от объема,,разбавитель dyo universal thinner medium 10 от объема,NAME_ONLY,False,,,,,,,,,,,,,2,1,Системы 1.xls
THINNER,Разбавитель DYO UNIVERSAL THINNER MEDIUM 10% от объема C61 DYOPOL,Разбавитель DYO UNIVERSAL THINNER MEDIUM 10% от объема C61 DYOPOL,,разбавитель dyo universal thinner medium 10 от объема c61 dyopol,NAME_ONLY,False,,,,,,,,,,,,,4,1,Системы 1.xls
THINNER,Разбавитель DYO UNIVERSAL THINNER MEDIUM 10% от объема Р10 DYOPOX PRIMER,Разбавитель DYO UNIVERSAL THINNER MEDIUM 10% от объема Р10 DYOPOX PRIMER,,разбавитель dyo universal thinner medium 10 от объема р10 dyopox primer,NAME_ONLY,False,,,,,,,,,,,,,7,1,Системы 1.xls
THINNER,Разбавитель Ecosol 41 для Ecomast PU 74 5 % от объема,Разбавитель Ecosol 41 для Ecomast PU 74 5 % от объема,,разбавитель ecosol 41 для ecomast pu 74 5 от объема,NAME_ONLY,False,,,,,,,,,,,,,4,2,Системы 1.xls
THINNER,Разбавитель Ecosol 42 для Ecomast E 270 5 % от объема,Разбавитель Ecosol 42 для Ecomast E 270 5 % от объема,,разбавитель ecosol 42 для ecomast e 270 5 от объема,NAME_ONLY,False,,,,,,,,,,,,,6,2,Системы 1.xls
THINNER,Разбавитель Ecosol 44 10 % от объема,Разбавитель Ecosol 44 10 % от объема,,разбавитель ecosol 44 10 от объема,NAME_ONLY,False,,,,,,,,,,,,,3,1,Системы 1.xls
THINNER,Разбавитель Ecosol 44 для Ecomast E 280 10 % от объема,Разбавитель Ecosol 44 для Ecomast E 280 10 % от объема,,разбавитель ecosol 44 для ecomast e 280 10 от объема,NAME_ONLY,False,,,,,,,,,,,,,1,2,Системы 1.xls
THINNER,Разбавитель FGM 631 LT 10 % от объема,Разбавитель FGM 631 LT 10 % от объема,,разбавитель fgm 631 lt 10 от объема,NAME_ONLY,False,,,,,,,,,,,,,6,2,Системы 1.xls
THINNER,Разбавитель GT76 для грунта,Разбавитель GT76 для грунта,,разбавитель gt76 для грунта,READY,True,,,,,0.9,10.0,330.0,,,0.00963855,,,1,1,Таблица на 1 кв.м ЛКМ основная.xlsx
THINNER,Разбавитель GT76 для грунта 10% от объема,Разбавитель GT76 для грунта 10% от объема,,разбавитель gt76 для грунта 10 от объема,NAME_ONLY,False,,,,,,,,,,,,,10,1,Системы 1.xls
THINNER,Разбавитель GT87 для эмали 10 % от объема,Разбавитель GT87 для эмали 10 % от объема,,разбавитель gt87 для эмали 10 от объема,NAME_ONLY,False,,,,,,,,,,,,,4,2,Системы 1.xls
THINNER,Разбавитель Masscosol 111 для Masscopur 14 10% от объема,Разбавитель Masscosol 111 для Masscopur 14 10% от объема,,разбавитель masscosol 111 для masscopur 14 10 от объема,NAME_ONLY,False,,,,,,,,,,,,,4,1,Системы 1.xls
THINNER,Разбавитель Masscosol 145 для Masscopoxy 1264 15% от объема,Разбавитель Masscosol 145 для Masscopoxy 1264 15% от объема,,разбавитель masscosol 145 для masscopoxy 1264 15 от объема,NAME_ONLY,False,,,,,,,,,,,,,6,1,Системы 1.xls
THINNER,Разбавитель Masscosol 264 для Masscopoxy 1264 10% от объема,Разбавитель Masscosol 264 для Masscopoxy 1264 10% от объема,,разбавитель masscosol 264 для masscopoxy 1264 10 от объема,NAME_ONLY,False,,,,,,,,,,,,,1,1,Системы 1.xls
THINNER,Разбавитель Masscosol 264 для Masscotank 11 10% от объема,Разбавитель Masscosol 264 для Masscotank 11 10% от объема,,разбавитель masscosol 264 для masscotank 11 10 от объема,NAME_ONLY,False,,,,,,,,,,,,,3,1,Системы 1.xls
THINNER,Разбавитель PRIM R 05 (ПРИМ ЭП) Б для грунта 5 % от объема,Разбавитель PRIM R 05 (ПРИМ ЭП) Б для грунта 5 % от объема,,разбавитель prim r 05 прим эп б для грунта 5 от объема,NAME_ONLY,False,,,,,,,,,,,,,5,1,Системы 1.xls
THINNER,Разбавитель PRIM R 05 (ПРИМ ЭП) Б для финиша 5 % от объема,Разбавитель PRIM R 05 (ПРИМ ЭП) Б для финиша 5 % от объема,,разбавитель prim r 05 прим эп б для финиша 5 от объема,NAME_ONLY,False,,,,,,,,,,,,,1,1,Системы 1.xls
THINNER,Разбавитель PRIM R 05 (ПРИМ ЭП) Бдля грунта 5 % от объема,Разбавитель PRIM R 05 (ПРИМ ЭП) Бдля грунта 5 % от объема,,разбавитель prim r 05 прим эп бдля грунта 5 от объема,NAME_ONLY,False,,,,,,,,,,,,,4,1,Системы 1.xls
THINNER,Разбавитель PRIM R 05 (ПРИМ ЭП) Бдля финиша 5 % от объема,Разбавитель PRIM R 05 (ПРИМ ЭП) Бдля финиша 5 % от объема,,разбавитель prim r 05 прим эп бдля финиша 5 от объема,NAME_ONLY,False,,,,,,,,,,,,,3,1,Системы 1.xls
THINNER,Разбавитель Stelpant-PU-Thinner 10% от объема,Разбавитель Stelpant-PU-Thinner 10% от объема,,разбавитель stelpant-pu-thinner 10 от объема,NAME_ONLY,False,,,,,,,,,,,,,2,1,Системы 1.xls
THINNER,Разбавитель WG-Велетиннер EP 10% от объема,Разбавитель WG-Велетиннер EP 10% от объема,,разбавитель wg-велетиннер ep 10 от объема,NAME_ONLY,False,,,,,,,,,,,,,6,1,Системы 1.xls
THINNER,Разбавитель WG-Велетиннер EP для WG-Велефорс Мастик 10% от объема,Разбавитель WG-Велетиннер EP для WG-Велефорс Мастик 10% от объема,,разбавитель wg-велетиннер ep для wg-велефорс мастик 10 от объема,NAME_ONLY,False,,,,,,,,,,,,,7,1,Системы 1.xls
THINNER,Разбавитель WG-Велетиннер ПУ (Ксилол) для WG-Сулакавер 2К 10% от объема,Разбавитель WG-Велетиннер ПУ (Ксилол) для WG-Сулакавер 2К 10% от объема,,разбавитель wg-велетиннер пу ксилол для wg-сулакавер 2к 10 от объема,NAME_ONLY,False,,,,,,,,,,,,,4,2,Системы 1.xls
THINNER,"Разбавитель Акрус (10 % от пропитки, 5% от грунтовочного слоя)","Разбавитель Акрус (10 % от пропитки, 5% от грунтовочного слоя)",,разбавитель акрус 10 от пропитки 5 от грунтовочного слоя,NAME_ONLY,False,,"Разбавитель Акрус (10 % от пропитки, 5% от грунтовочного слоя)",,,,,,,,,,,3,1,Системы 1.xls
THINNER,Разбавитель Акрус (5% от финишного слоя),Разбавитель Акрус (5% от финишного слоя),,разбавитель акрус 5 от финишного слоя,NAME_ONLY,False,,Разбавитель Акрус (5% от финишного слоя),,,,,,,,,,,3,1,Системы 1.xls
THINNER,Разбавитель Акрус для АКРУС Лонг 10% от объема,Разбавитель Акрус для АКРУС Лонг 10% от объема,,разбавитель акрус для акрус лонг 10 от объема,NAME_ONLY,False,,,,,,,,,,,,,3,1,Системы 1.xls
THINNER,Разбавитель Акрус для АКРУС Прайм 10% от объема,Разбавитель Акрус для АКРУС Прайм 10% от объема,,разбавитель акрус для акрус прайм 10 от объема,NAME_ONLY,False,,,,,,,,,,,,,3,1,Системы 1.xls
THINNER,Разбавитель Акрус для Акрус Терма 5% от объема,Разбавитель Акрус для Акрус Терма 5% от объема,,разбавитель акрус для акрус терма 5 от объема,NAME_ONLY,False,,,,,,,,,,,,,12,1,Системы 1.xls
THINNER,Разбавитель Акрус для грунта 5% от объема,Разбавитель Акрус для грунта 5% от объема,,разбавитель акрус для грунта 5 от объема,NAME_ONLY,False,,,,,,,,,,,,,7,1,Системы 1.xls
THINNER,Разбавитель Акрус для финиша 5% от объема,Разбавитель Акрус для финиша 5% от объема,,разбавитель акрус для финиша 5 от объема,NAME_ONLY,False,,,,,,,,,,,,,4,1,Системы 1.xls
THINNER,Разбавитель ВДМ 050 10% от объема,Разбавитель ВДМ 050 10% от объема,,разбавитель вдм 050 10 от объема,NAME_ONLY,False,,,,,,,,,,,,,6,1,Системы 1.xls
THINNER,Разбавитель ВДМ 050 для грунта 10 % от объема,Разбавитель ВДМ 050 для грунта 10 % от объема,,разбавитель вдм 050 для грунта 10 от объема,NAME_ONLY,False,,,,,,,,,,,,,2,2,Системы 1.xls
THINNER,Разбавитель ВДМ 050 для Урпейнт 1502 7 % от объема,Разбавитель ВДМ 050 для Урпейнт 1502 7 % от объема,,разбавитель вдм 050 для урпейнт 1502 7 от объема,NAME_ONLY,False,,,,,,,,,,,,,1,2,Системы 1.xls
THINNER,Разбавитель ВДМ 050 для Урпейнт 7 % от объема,Разбавитель ВДМ 050 для Урпейнт 7 % от объема,,разбавитель вдм 050 для урпейнт 7 от объема,NAME_ONLY,False,,,,,,,,,,,,,2,2,Системы 1.xls
THINNER,Разбавитель ВДМ 050 для эмали 7 % от объема,Разбавитель ВДМ 050 для эмали 7 % от объема,,разбавитель вдм 050 для эмали 7 от объема,NAME_ONLY,False,,,,,,,,,,,,,2,2,Системы 1.xls
THINNER,Разбавитель ВДМ 050 для ЭпоксиКоут 0203 10 % от объема,Разбавитель ВДМ 050 для ЭпоксиКоут 0203 10 % от объема,,разбавитель вдм 050 для эпоксикоут 0203 10 от объема,NAME_ONLY,False,,,,,,,,,,,,,1,2,Системы 1.xls
THINNER,Разбавитель ВДМ 050 для ЭпоксиКоут Мастик 10 % от объема,Разбавитель ВДМ 050 для ЭпоксиКоут Мастик 10 % от объема,,разбавитель вдм 050 для эпоксикоут мастик 10 от объема,NAME_ONLY,False,,,,,,,,,,,,,5,2,Системы 1.xls
THINNER,Разбавитель для Blank Finish Сольвент Нефтяной 5% от массы,Разбавитель для Blank Finish Сольвент Нефтяной 5% от массы,,разбавитель для blank finish сольвент нефтяной 5 от массы,NAME_ONLY,False,,,,,,,,,,,,,4,1,Системы 1.xls
THINNER,Разбавитель для Blank Tank - Сольвент 5% от объема,Разбавитель для Blank Tank - Сольвент 5% от объема,,разбавитель для blank tank - сольвент 5 от объема,NAME_ONLY,False,,,,,,,,,,,,,3,1,Системы 1.xls
THINNER,Разбавитель для Blank Universal Сольвент Нефтяной 5% от массы,Разбавитель для Blank Universal Сольвент Нефтяной 5% от массы,,разбавитель для blank universal сольвент нефтяной 5 от массы,NAME_ONLY,False,,,,,,,,,,,,,4,1,Системы 1.xls
THINNER,Разбавитель для Certa Certacor R 5% от массы,Разбавитель для Certa Certacor R 5% от массы,,разбавитель для certa certacor r 5 от массы,NAME_ONLY,False,,,,,,,,,,,,,3,1,Системы 1.xls
THINNER,Разбавитель для Акрус Р(ГР) 5% от массы,Разбавитель для Акрус Р(ГР) 5% от массы,,разбавитель для акрус р гр 5 от массы,NAME_ONLY,False,,,,,,,,,,,,,2,1,Системы 1.xls
THINNER,Разбавитель для Акрус-Полиур Акрус 5% от массы,Разбавитель для Акрус-Полиур Акрус 5% от массы,,разбавитель для акрус-полиур акрус 5 от массы,NAME_ONLY,False,,,,,,,,,,,,,2,1,Системы 1.xls
THINNER,Разбавитель для Акрус-эпокс С Акрус 5% от массы,Разбавитель для Акрус-эпокс С Акрус 5% от массы,,разбавитель для акрус-эпокс с акрус 5 от массы,NAME_ONLY,False,,,,,,,,,,,,,2,1,Системы 1.xls
THINNER,Разбавитель для Алюмотерм Р-646 5% от массы,Разбавитель для Алюмотерм Р-646 5% от массы,,разбавитель для алюмотерм р-646 5 от массы,NAME_ONLY,False,,,,,,,,,,,,,3,1,Системы 1.xls
THINNER,Разбавитель для грунта,Разбавитель для грунта,,разбавитель для грунта,READY,True,,,,,0.9,5.0,500.0,,,526.3327593,,,3,2,Таблица на 1 кв.м ЛКМ основная.xlsx
THINNER,Разбавитель для грунтовочного слоя,Разбавитель для грунтовочного слоя,,разбавитель для грунтовочного слоя,PARTIAL_DENSITY,False,,"Разбавитель Акрус (10 % от пропитки, 5% от грунтовочного слоя)",,,1.0,,,,,,,,16,1,Системы 1.xls
THINNER,Разбавитель для грунтовочного слоя и полосового окрашивания,Разбавитель для грунтовочного слоя и полосового окрашивания,,разбавитель для грунтовочного слоя и полосового окрашивания,NAME_ONLY,False,,,,,,,,,,,,,14,1,Системы 1.xls
THINNER,"Разбавитель для грунтовочного слоя, финишного слоя и полосового окрашивания","Разбавитель для грунтовочного слоя, финишного слоя и полосового окрашивания",,разбавитель для грунтовочного слоя финишного слоя и полосового окрашивания,NAME_ONLY,False,,,,,,,,,,,,,18,1,Системы 1.xls
THINNER,"Разбавитель для грунтовочного, финишного слоя и полосового окрашивания","Разбавитель для грунтовочного, финишного слоя и полосового окрашивания",,разбавитель для грунтовочного финишного слоя и полосового окрашивания,NAME_ONLY,False,,,,,,,,,,,,,6,1,Системы 1.xls
THINNER,Разбавитель для ИЗОЛЭП-mastiс СОЛЬВ-ЭП 5% от массы,Разбавитель для ИЗОЛЭП-mastiс СОЛЬВ-ЭП 5% от массы,,разбавитель для изолэп-mastiс сольв-эп 5 от массы,NAME_ONLY,False,,,,,,,,,,,,,25,2,Системы 1.xls
THINNER,Разбавитель для Литакоут Классик/Фрост - Литум Растворитель №10 5% от массы,Разбавитель для Литакоут Классик/Фрост - Литум Растворитель №10 5% от массы,,разбавитель для литакоут классик/фрост - литум растворитель 10 5 от массы,NAME_ONLY,False,,,,,,,,,,,,,2,2,Системы 1.xls
THINNER,Разбавитель для Литамастик Универса 20 - Литум Растворитель №17 5% от объема,Разбавитель для Литамастик Универса 20 - Литум Растворитель №17 5% от объема,,разбавитель для литамастик универса 20 - литум растворитель 17 5 от объема,NAME_ONLY,False,,,,,,,,,,,,,3,1,Системы 1.xls
THINNER,Разбавитель для Литапрайм Экспресс- Литум Растворитель №17 5% от массы,Разбавитель для Литапрайм Экспресс- Литум Растворитель №17 5% от массы,,разбавитель для литапрайм экспресс- литум растворитель 17 5 от массы,NAME_ONLY,False,,,,,,,,,,,,,2,1,Системы 1.xls
THINNER,Разбавитель для ПОЛИТОН-УР (УФ) СОЛЬВ-УР 5% от массы,Разбавитель для ПОЛИТОН-УР (УФ) СОЛЬВ-УР 5% от массы,,разбавитель для политон-ур уф сольв-ур 5 от массы,NAME_ONLY,False,,,,,,,,,,,,,12,2,Системы 1.xls
THINNER,Разбавитель для финишного слоя,Разбавитель для финишного слоя,,разбавитель для финишного слоя,PARTIAL_DENSITY,False,,Разбавитель Акрус (5% от финишного слоя),,,1.0,,,,,,,,39,1,Системы 1.xls
THINNER,Разбавитель для Цинотерм СОЛЬВ-УР 5% от массы,Разбавитель для Цинотерм СОЛЬВ-УР 5% от массы,,разбавитель для цинотерм сольв-ур 5 от массы,NAME_ONLY,False,,,,,,,,,,,,,3,1,Системы 1.xls
THINNER,Разбавитель для ЭметаллКоут 814Т ВДМ 050 5% от массы,Разбавитель для ЭметаллКоут 814Т ВДМ 050 5% от массы,,разбавитель для эметаллкоут 814т вдм 050 5 от массы,NAME_ONLY,False,,,,,,,,,,,,,3,1,Системы 1.xls
THINNER,Разбавитель для ЭметаллКоут Термо ВДМ 050 5% от массы,Разбавитель для ЭметаллКоут Термо ВДМ 050 5% от массы,,разбавитель для эметаллкоут термо вдм 050 5 от массы,NAME_ONLY,False,,,,,,,,,,,,,3,1,Системы 1.xls
THINNER,Разбавитель для ЭФФА 01 5% от массы,Разбавитель для ЭФФА 01 5% от массы,,разбавитель для эффа 01 5 от массы,NAME_ONLY,False,,,,,,,,,,,,,2,2,Системы 1.xls
THINNER,Разбавитель Литатерм Финиш Алюминиевый 5% от объема,Разбавитель Литатерм Финиш Алюминиевый 5% от объема,,разбавитель литатерм финиш алюминиевый 5 от объема,NAME_ONLY,False,,,,,,,,,,,,,9,1,Системы 1.xls
THINNER,Разбавитель Литум №10 для Литакоут Классик 5 % от объема,Разбавитель Литум №10 для Литакоут Классик 5 % от объема,,разбавитель литум 10 для литакоут классик 5 от объема,NAME_ONLY,False,,,,,,,,,,,,,25,1,Системы 1.xls
THINNER,Разбавитель Литум №17 для Литамастик 280 5 % от объема,Разбавитель Литум №17 для Литамастик 280 5 % от объема,,разбавитель литум 17 для литамастик 280 5 от объема,NAME_ONLY,False,,,,,,,,,,,,,5,1,Системы 1.xls
THINNER,Разбавитель Литум №17 для Литамастик 290 СТ 5 % от объема,Разбавитель Литум №17 для Литамастик 290 СТ 5 % от объема,,разбавитель литум 17 для литамастик 290 ст 5 от объема,NAME_ONLY,False,,,,,,,,,,,,,6,1,Системы 1.xls
THINNER,Разбавитель Литум №17 для Литамастик Универсал 20 5 % от объема,Разбавитель Литум №17 для Литамастик Универсал 20 5 % от объема,,разбавитель литум 17 для литамастик универсал 20 5 от объема,NAME_ONLY,False,,,,,,,,,,,,,4,1,Системы 1.xls
THINNER,Разбавитель Литум №17 для Литапрайм Цинк 80 5 % от объема,Разбавитель Литум №17 для Литапрайм Цинк 80 5 % от объема,,разбавитель литум 17 для литапрайм цинк 80 5 от объема,NAME_ONLY,False,,,,,,,,,,,,,4,1,Системы 1.xls
THINNER,Разбавитель Литум №17 для Литапрайм Экспресс 5 % от объема,Разбавитель Литум №17 для Литапрайм Экспресс 5 % от объема,,разбавитель литум 17 для литапрайм экспресс 5 от объема,NAME_ONLY,False,,,,,,,,,,,,,11,1,Системы 1.xls
THINNER,Разбавитель Литум №17 для Литапрайм Экспресс МИО 5 % от объема,Разбавитель Литум №17 для Литапрайм Экспресс МИО 5 % от объема,,разбавитель литум 17 для литапрайм экспресс мио 5 от объема,NAME_ONLY,False,,,,,,,,,,,,,8,1,Системы 1.xls
THINNER,Разбавитель Литум №17 для Литапрайм Экспресс Ф 5 % от объема,Разбавитель Литум №17 для Литапрайм Экспресс Ф 5 % от объема,,разбавитель литум 17 для литапрайм экспресс ф 5 от объема,NAME_ONLY,False,,,,,,,,,,,,,4,1,Системы 1.xls
THINNER,Разбавитель Литум №23 5 % от объема,Разбавитель Литум №23 5 % от объема,,разбавитель литум 23 5 от объема,NAME_ONLY,False,,,,,,,,,,,,,3,1,Системы 1.xls
THINNER,Разбавитель Литум №7 для Литапрайм Спринт 43140 5 % от объема,Разбавитель Литум №7 для Литапрайм Спринт 43140 5 % от объема,,разбавитель литум 7 для литапрайм спринт 43140 5 от объема,NAME_ONLY,False,,,,,,,,,,,,,3,1,Системы 1.xls
THINNER,Разбавитель Ортоксилол Нефтяной для ЭФФА-ЭП150 5% от массы,Разбавитель Ортоксилол Нефтяной для ЭФФА-ЭП150 5% от массы,,разбавитель ортоксилол нефтяной для эффа-эп150 5 от массы,NAME_ONLY,False,,,,,,,,,,,,,4,1,Системы 1.xls
THINNER,Разбавитель СОЛЬВ-ЭП 5 % от массы,Разбавитель СОЛЬВ-ЭП 5 % от массы,,разбавитель сольв-эп 5 от массы,NAME_ONLY,False,,,,,,,,,,,,,12,1,Системы 1.xls
THINNER,"Разбавитель Сольвент, 5%","Разбавитель Сольвент, 5%",,разбавитель сольвент 5,NAME_ONLY,False,,,,,,,322.0,,,878.43137255,,,2,3,Таблица на 1 кв.м ЛКМ основная.xlsx
THINNER,Разбавитель Сольвент для Blank Finish % от объема,Разбавитель Сольвент для Blank Finish % от объема,,разбавитель сольвент для blank finish от объема,NAME_ONLY,False,,,,,,,,,,,,,6,1,Системы 1.xls
THINNER,Разбавитель Сольвент для Blank HP 5 % от объема,Разбавитель Сольвент для Blank HP 5 % от объема,,разбавитель сольвент для blank hp 5 от объема,NAME_ONLY,False,,,,,,,,,,,,,3,1,Системы 1.xls
THINNER,Разбавитель Сольвент для Blank HP СТ 5 % от объема,Разбавитель Сольвент для Blank HP СТ 5 % от объема,,разбавитель сольвент для blank hp ст 5 от объема,NAME_ONLY,False,,,,,,,,,,,,,3,1,Системы 1.xls
THINNER,Разбавитель Сольвент для Blank universal 5 % от объема,Разбавитель Сольвент для Blank universal 5 % от объема,,разбавитель сольвент для blank universal 5 от объема,NAME_ONLY,False,,,,,,,,,,,,,12,1,Системы 1.xls
THINNER,Разбавитель ТРЭПП для грунта 10% от объема,Разбавитель ТРЭПП для грунта 10% от объема,,разбавитель трэпп для грунта 10 от объема,NAME_ONLY,False,,,,,,,,,,,,,14,1,Системы 1.xls
THINNER,Разбавитель ТРЭПП для финиша 10% от объема,Разбавитель ТРЭПП для финиша 10% от объема,,разбавитель трэпп для финиша 10 от объема,NAME_ONLY,False,,,,,,,,,,,,,3,1,Системы 1.xls
MATERIAL,Урпейнт,Урпейнт,,урпейнт,PARTIAL_DENSITY,False,,,,,1.3,,,,103.44827586,,,,4,1,Системы 1.xls
MATERIAL,Урпейнт 1502,Урпейнт 1502,,урпейнт 1502,PARTIAL_DENSITY,False,,75.0,,,1.25,,,,200.0,,,,1,2,Системы 1.xls
MATERIAL,Церта,Церта,,церта,NAME_ONLY,False,,,,,,,,,,,,,1,2,Таблица на 1 кв.м ЛКМ основная.xlsx
MATERIAL,ЭметаллКоут 814Т,ЭметаллКоут 814Т,,эметаллкоут 814т,PARTIAL_DENSITY,False,,,,,2.1,,,,181.81818182,,,,3,1,Системы 1.xls
MATERIAL,ЭметаллКоут Термо,ЭметаллКоут Термо,,эметаллкоут термо,PARTIAL_DENSITY,False,,,,,0.985,,,,142.85714286,,,,3,1,Системы 1.xls
MATERIAL,ЭП-0199,ЭП-0199,,эп-0199,NAME_ONLY,False,,,,,,,,,,,,,1,2,Таблица на 1 кв.м ЛКМ основная.xlsx
MATERIAL,ЭПИПРАЙМ HS,ЭПИПРАЙМ HS,,эпипрайм hs,READY,True,,,Эпоксид,,1.5,55.0,550.0,825.0,272.72727273,0.27272727,0.27272727,,1,2,Таблица на 1 кв.м ЛКМ основная.xlsx
MATERIAL,ЭпоксиКоут 0203,ЭпоксиКоут 0203,,эпоксикоут 0203,PARTIAL_DENSITY,False,,50.0,,,1.1,,,,80.0,,,,1,2,Системы 1.xls
MATERIAL,ЭпоксиКоут Мастик,ЭпоксиКоут Мастик,,эпоксикоут мастик,PARTIAL_DENSITY,False,,,,,1.4,,,,133.33333333,,,,10,1,Системы 1.xls
MATERIAL,ЭФФА,ЭФФА,,эффа,NAME_ONLY,False,,,,,,,,,,,,,10,1,Таблица на 1 кв.м ЛКМ основная.xlsx
MATERIAL,ЭФФА 01 атм.,ЭФФА 01 атм.,,эффа 01 атм.,NAME_ONLY,False,,,,,,,,,,,,,2,2,Системы 1.xls
MATERIAL,ЭФФА А-01,ЭФФА А-01,,эффа а-01,NAME_ONLY,False,ООО «ЭФФА»,ЭФФА,акрил,специализированное покрытие,,,,,,,,,0,1,
MATERIAL,ЭФФА для кабелей,ЭФФА для кабелей,,эффа для кабелей,NAME_ONLY,False,ООО «ЭФФА»,ЭФФА,акрил,специализированное покрытие,,,,,,,,,0,1,
MATERIAL,ЭФФА КТ,ЭФФА КТ,,эффа кт,NAME_ONLY,False,,,,,,,,,,,,,1,2,Системы 1.xls
MATERIAL,ЭФФА КТЭ,ЭФФА КТЭ,,эффа ктэ,READY,True,,ЭФФА КТЭ,Эпоксид,,1.4,73.0,,,,3.84,,"density, solids_by_volume_percent",9,3,Системы 1.xls | Системы 3.xlsx | Таблица на 1 кв.м ЛКМ основная.xlsx
MATERIAL,ЭФФА ЭП-150,ЭФФА ЭП-150,,эффа эп-150,READY,True,ООО «ЭФФА»,ЭФФА,эпоксид,эпоксидное покрытие,1.0,83.4,725.0,725.0,5035.97122302,2.74066461,2.74066461,"density, solids_by_volume_percent",50,8,Системы 1.xls | Системы 2.XLSX | Системы 3.xlsx | Таблица на 1 кв.м ЛКМ основная.xlsx
MATERIAL,ЭФФА ЭП-150 (К),ЭФФА ЭП-150 (К),,эффа эп-150 к,NAME_ONLY,False,,,,,,,,,,,,,4,4,Таблица на 1 кв.м ЛКМ основная.xlsx
MATERIAL,ЭФФА ЭП-150К,ЭФФА ЭП-150К,,эффа эп-150к,NAME_ONLY,False,ООО «ЭФФА»,ЭФФА,эпоксид,эпоксидное покрытие,,,,,,,,,0,1,
MATERIAL,ЭФФА-01,ЭФФА-01,,эффа-01,NAME_ONLY,False,,,,,,,,,,,,,3,1,Таблица на 1 кв.м ЛКМ основная.xlsx
MATERIAL,ЭФФА-01 на водной основе,ЭФФА-01 на водной основе,,эффа-01 на водной основе,NAME_ONLY,False,ООО «ЭФФА»,ЭФФА,акрил,специализированное покрытие,,,,,,,,,0,1,
MATERIAL,ЭФФА-01 на органических растворителях,ЭФФА-01 на органических растворителях,,эффа-01 на органических растворителях,NAME_ONLY,False,ООО «ЭФФА»,ЭФФА,акрил,специализированное покрытие,,,,,,,,,0,1,
MATERIAL,ЭФФА-01Б,ЭФФА-01Б,,эффа-01б,NAME_ONLY,False,ООО «ЭФФА»,ЭФФА,акрил,специализированное покрытие,,,,,,,,,0,1,
MATERIAL,ЭФФА-КТ01,ЭФФА-КТ01,,эффа-кт01,PARTIAL_DENSITY,False,ООО «ЭФФА»,ЭФФА,акрил,специализированное покрытие,1.0,,,,,,,,0,1,
