standard,profile_type,subtype,name,area_cm2,mass_kg_per_m,height_mm,width_mm,web_thickness_mm,flange_thickness_mm,radius_mm,perimeter_all_sides_mm,ptm_mm_source,surface_m2_per_m_source,surface_m2_per_t_source,source,source_url,retrieved_at
ГОСТ Р 57837-2017,Двутавр,балочный нормальный,10Б1,10.32,8.1,100,55,4.1,5.7,7,,,,,,ГОСТ Р 57837-2017 — machine-readable public transcription,https://github.com/vkorotenko/calcxactive/blob/9599e47a145b42f70d11976ea9b3c61a3e161564/src/typos/data57837.js,2026-10-01T00:00:00Z
ГОСТ Р 57837-2017,Двутавр,балочный нормальный,12Б1,11.03,8.7,117.6,64,3.8,5.1,7,,,,,,ГОСТ Р 57837-2017 — machine-readable public transcription,https://github.com/vkorotenko/calcxactive/blob/9599e47a145b42f70d11976ea9b3c61a3e161564/src/typos/data57837.js,2026-10-01T00:00:00Z
ГОСТ Р 57837-2017,Двутавр,балочный нормальный,12Б2,13.21,10.4,120,64,4.4,6.3,7,,,,,,ГОСТ Р 57837-2017 — machine-readable public transcription,https://github.com/vkorotenko/calcxactive/blob/9599e47a145b42f70d11976ea9b3c61a3e161564/src/typos/data57837.js,2026-10-01T00:00:00Z
ГОСТ Р 57837-2017,Двутавр,балочный нормальный,14Б1,13.39,10.5,137.4,73,3.8,5.6,7,,,,,,ГОСТ Р 57837-2017 — machine-readable public transcription,https://github.com/vkorotenko/calcxactive/blob/9599e47a145b42f70d11976ea9b3c61a3e161564/src/typos/data57837.js,2026-10-01T00:00:00Z
ГОСТ Р 57837-2017,Двутавр,балочный нормальный,14Б2,16.43,12.9,140,73,4.7,6.9,7,,,,,,ГОСТ Р 57837-2017 — machine-readable public transcription,https://github.com/vkorotenko/calcxactive/blob/9599e47a145b42f70d11976ea9b3c61a3e161564/src/typos/data57837.js,2026-10-01T00:00:00Z
ГОСТ Р 57837-2017,Двутавр,балочный нормальный,16Б1,16.18,12.7,157,82,4,5.9,9,,,,,,ГОСТ Р 57837-2017 — machine-readable public transcription,https://github.com/vkorotenko/calcxactive/blob/9599e47a145b42f70d11976ea9b3c61a3e161564/src/typos/data57837.js,2026-10-01T00:00:00Z
ГОСТ Р 57837-2017,Двутавр,балочный нормальный,16Б2,20.09,15.8,160,82,5,7.4,9,,,,,,ГОСТ Р 57837-2017 — machine-readable public transcription,https://github.com/vkorotenko/calcxactive/blob/9599e47a145b42f70d11976ea9b3c61a3e161564/src/typos/data57837.js,2026-10-01T00:00:00Z
ГОСТ Р 57837-2017,Двутавр,балочный нормальный,18Б1,19.58,15.4,177,91,4.3,6.5,9,,,,,,ГОСТ Р 57837-2017 — machine-readable public transcription,https://github.com/vkorotenko/calcxactive/blob/9599e47a145b42f70d11976ea9b3c61a3e161564/src/typos/data57837.js,2026-10-01T00:00:00Z
ГОСТ Р 57837-2017,Двутавр,балочный нормальный,18Б2,23.95,18.8,180,91,5.3,8,9,,,,,,ГОСТ Р 57837-2017 — machine-readable public transcription,https://github.com/vkorotenko/calcxactive/blob/9599e47a145b42f70d11976ea9b3c61a3e161564/src/typos/data57837.js,2026-10-01T00:00:00Z
ГОСТ Р 57837-2017,Двутавр,балочный нормальный,20Б0,23.18,18.2,198,99,4.5,7,11,,,,,,ГОСТ Р 57837-2017 — machine-readable public transcription,https://github.com/vkorotenko/calcxactive/blob/9599e47a145b42f70d11976ea9b3c61a3e161564/src/typos/data57837.js,2026-10-01T00:00:00Z
ГОСТ Р 57837-2017,Двутавр,балочный нормальный,20Б1,27.16,21.3,200,100,5.5,8,11,,,,,,ГОСТ Р 57837-2017 — machine-readable public transcription,https://github.com/vkorotenko/calcxactive/blob/9599e47a145b42f70d11976ea9b3c61a3e161564/src/typos/data57837.js,2026-10-01T00:00:00Z
ГОСТ Р 57837-2017,Двутавр,балочный нормальный,20Б2,32.19,25.3,203,101,6.5,9.5,11,,,,,,ГОСТ Р 57837-2017 — machine-readable public transcription,https://github.com/vkorotenko/calcxactive/blob/9599e47a145b42f70d11976ea9b3c61a3e161564/src/typos/data57837.js,2026-10-01T00:00:00Z
ГОСТ Р 57837-2017,Двутавр,балочный нормальный,20Б3,40.24,31.6,208,102,8,12,11,,,,,,ГОСТ Р 57837-2017 — machine-readable public transcription,https://github.com/vkorotenko/calcxactive/blob/9599e47a145b42f70d11976ea9b3c61a3e161564/src/typos/data57837.js,2026-10-01T00:00:00Z
ГОСТ Р 57837-2017,Двутавр,балочный нормальный,25Б1,32.68,25.7,248,124,5,8,12,,,,,,ГОСТ Р 57837-2017 — machine-readable public transcription,https://github.com/vkorotenko/calcxactive/blob/9599e47a145b42f70d11976ea9b3c61a3e161564/src/typos/data57837.js,2026-10-01T00:00:00Z
ГОСТ Р 57837-2017,Двутавр,балочный нормальный,25Б2,37.66,29.6,250,125,6,9,12,,,,,,ГОСТ Р 57837-2017 — machine-readable public transcription,https://github.com/vkorotenko/calcxactive/blob/9599e47a145b42f70d11976ea9b3c61a3e161564/src/typos/data57837.js,2026-10-01T00:00:00Z
ГОСТ Р 57837-2017,Двутавр,балочный нормальный,25Б3,47.62,37.4,255,126,7.5,11.5,12,,,,,,ГОСТ Р 57837-2017 — machine-readable public transcription,https://github.com/vkorotenko/calcxactive/blob/9599e47a145b42f70d11976ea9b3c61a3e161564/src/typos/data57837.js,2026-10-01T00:00:00Z
ГОСТ Р 57837-2017,Двутавр,балочный нормальный,25Б4,57.68,45.3,260,127,9,14,12,,,,,,ГОСТ Р 57837-2017 — machine-readable public transcription,https://github.com/vkorotenko/calcxactive/blob/9599e47a145b42f70d11976ea9b3c61a3e161564/src/typos/data57837.js,2026-10-01T00:00:00Z
ГОСТ Р 57837-2017,Двутавр,балочный нормальный,30Б1,40.8,32,298,149,5.5,8,13,,,,,,ГОСТ Р 57837-2017 — machine-readable public transcription,https://github.com/vkorotenko/calcxactive/blob/9599e47a145b42f70d11976ea9b3c61a3e161564/src/typos/data57837.js,2026-10-01T00:00:00Z
ГОСТ Р 57837-2017,Двутавр,балочный нормальный,30Б2,46.78,36.7,300,150,6.5,9,13,,,,,,ГОСТ Р 57837-2017 — machine-readable public transcription,https://github.com/vkorotenko/calcxactive/blob/9599e47a145b42f70d11976ea9b3c61a3e161564/src/typos/data57837.js,2026-10-01T00:00:00Z
ГОСТ Р 57837-2017,Двутавр,балочный нормальный,30Б3,58.74,46.1,305,151,8,11.5,13,,,,,,ГОСТ Р 57837-2017 — machine-readable public transcription,https://github.com/vkorotenko/calcxactive/blob/9599e47a145b42f70d11976ea9b3c61a3e161564/src/typos/data57837.js,2026-10-01T00:00:00Z
ГОСТ Р 57837-2017,Двутавр,балочный нормальный,30Б4,70.8,55.6,310,152,9.5,14,13,,,,,,ГОСТ Р 57837-2017 — machine-readable public transcription,https://github.com/vkorotenko/calcxactive/blob/9599e47a145b42f70d11976ea9b3c61a3e161564/src/typos/data57837.js,2026-10-01T00:00:00Z
ГОСТ Р 57837-2017,Двутавр,балочный нормальный,35Б1,52.68,41.4,346,174,6,9,14,,,,,,ГОСТ Р 57837-2017 — machine-readable public transcription,https://github.com/vkorotenko/calcxactive/blob/9599e47a145b42f70d11976ea9b3c61a3e161564/src/typos/data57837.js,2026-10-01T00:00:00Z
ГОСТ Р 57837-2017,Двутавр,балочный нормальный,35Б2,63.14,49.6,350,175,7,11,14,,,,,,ГОСТ Р 57837-2017 — machine-readable public transcription,https://github.com/vkorotenko/calcxactive/blob/9599e47a145b42f70d11976ea9b3c61a3e161564/src/typos/data57837.js,2026-10-01T00:00:00Z
ГОСТ Р 57837-2017,Двутавр,балочный нормальный,35Б3,77.08,60.5,355,176,8.5,13.5,14,,,,,,ГОСТ Р 57837-2017 — machine-readable public transcription,https://github.com/vkorotenko/calcxactive/blob/9599e47a145b42f70d11976ea9b3c61a3e161564/src/typos/data57837.js,2026-10-01T00:00:00Z
ГОСТ Р 57837-2017,Двутавр,балочный нормальный,35Б4,92.89,72.9,361,177,10,16.5,14,,,,,,ГОСТ Р 57837-2017 — machine-readable public transcription,https://github.com/vkorotenko/calcxactive/blob/9599e47a145b42f70d11976ea9b3c61a3e161564/src/typos/data57837.js,2026-10-01T00:00:00Z
ГОСТ Р 57837-2017,Двутавр,балочный нормальный,40Б1,72.16,56.6,396,199,7,11,16,,,,,,ГОСТ Р 57837-2017 — machine-readable public transcription,https://github.com/vkorotenko/calcxactive/blob/9599e47a145b42f70d11976ea9b3c61a3e161564/src/typos/data57837.js,2026-10-01T00:00:00Z
ГОСТ Р 57837-2017,Двутавр,балочный нормальный,40Б2,84.12,66,400,200,8,13,16,,,,,,ГОСТ Р 57837-2017 — machine-readable public transcription,https://github.com/vkorotenko/calcxactive/blob/9599e47a145b42f70d11976ea9b3c61a3e161564/src/typos/data57837.js,2026-10-01T00:00:00Z
ГОСТ Р 57837-2017,Двутавр,балочный нормальный,40Б3,102.05,80.1,406,201,9.5,16,16,,,,,,ГОСТ Р 57837-2017 — machine-readable public transcription,https://github.com/vkorotenko/calcxactive/blob/9599e47a145b42f70d11976ea9b3c61a3e161564/src/typos/data57837.js,2026-10-01T00:00:00Z
ГОСТ Р 57837-2017,Двутавр,балочный нормальный,40Б4,120.1,94.3,412,202,11,19,16,,,,,,ГОСТ Р 57837-2017 — machine-readable public transcription,https://github.com/vkorotenko/calcxactive/blob/9599e47a145b42f70d11976ea9b3c61a3e161564/src/typos/data57837.js,2026-10-01T00:00:00Z
ГОСТ Р 57837-2017,Двутавр,балочный нормальный,45Б1,84.3,66.2,446,199,8,12,18,,,,,,ГОСТ Р 57837-2017 — machine-readable public transcription,https://github.com/vkorotenko/calcxactive/blob/9599e47a145b42f70d11976ea9b3c61a3e161564/src/typos/data57837.js,2026-10-01T00:00:00Z
ГОСТ Р 57837-2017,Двутавр,балочный нормальный,45Б2,96.76,76,450,200,9,14,18,,,,,,ГОСТ Р 57837-2017 — machine-readable public transcription,https://github.com/vkorotenko/calcxactive/blob/9599e47a145b42f70d11976ea9b3c61a3e161564/src/typos/data57837.js,2026-10-01T00:00:00Z
ГОСТ Р 57837-2017,Двутавр,балочный нормальный,45Б3,115.43,90.6,456,201,10.5,17,18,,,,,,ГОСТ Р 57837-2017 — machine-readable public transcription,https://github.com/vkorotenko/calcxactive/blob/9599e47a145b42f70d11976ea9b3c61a3e161564/src/typos/data57837.js,2026-10-01T00:00:00Z
ГОСТ Р 57837-2017,Двутавр,балочный нормальный,45Б4,134.22,105.4,462,202,12,20,18,,,,,,ГОСТ Р 57837-2017 — machine-readable public transcription,https://github.com/vkorotenko/calcxactive/blob/9599e47a145b42f70d11976ea9b3c61a3e161564/src/typos/data57837.js,2026-10-01T00:00:00Z
ГОСТ Р 57837-2017,Двутавр,балочный нормальный,50Б1,92.38,72.5,492,199,8.8,12,20,,,,,,ГОСТ Р 57837-2017 — machine-readable public transcription,https://github.com/vkorotenko/calcxactive/blob/9599e47a145b42f70d11976ea9b3c61a3e161564/src/typos/data57837.js,2026-10-01T00:00:00Z
ГОСТ Р 57837-2017,Двутавр,балочный нормальный,50Б2,101.27,79.5,496,199,9,14,20,,,,,,ГОСТ Р 57837-2017 — machine-readable public transcription,https://github.com/vkorotenko/calcxactive/blob/9599e47a145b42f70d11976ea9b3c61a3e161564/src/typos/data57837.js,2026-10-01T00:00:00Z
ГОСТ Р 57837-2017,Двутавр,балочный нормальный,50Б3,114.23,89.7,500,200,10,16,20,,,,,,ГОСТ Р 57837-2017 — machine-readable public transcription,https://github.com/vkorotenko/calcxactive/blob/9599e47a145b42f70d11976ea9b3c61a3e161564/src/typos/data57837.js,2026-10-01T00:00:00Z
ГОСТ Р 57837-2017,Двутавр,балочный нормальный,50Б4,139.99,109.9,508,201,12,20,20,,,,,,ГОСТ Р 57837-2017 — machine-readable public transcription,https://github.com/vkorotenko/calcxactive/blob/9599e47a145b42f70d11976ea9b3c61a3e161564/src/typos/data57837.js,2026-10-01T00:00:00Z
ГОСТ Р 57837-2017,Двутавр,балочный нормальный,50Б5,170.59,133.9,516,202,15,24,20,,,,,,ГОСТ Р 57837-2017 — machine-readable public transcription,https://github.com/vkorotenko/calcxactive/blob/9599e47a145b42f70d11976ea9b3c61a3e161564/src/typos/data57837.js,2026-10-01T00:00:00Z
ГОСТ Р 57837-2017,Двутавр,балочный нормальный,55Б1,113.36,89,543,220,9.5,13.5,24,,,,,,ГОСТ Р 57837-2017 — machine-readable public transcription,https://github.com/vkorotenko/calcxactive/blob/9599e47a145b42f70d11976ea9b3c61a3e161564/src/typos/data57837.js,2026-10-01T00:00:00Z
ГОСТ Р 57837-2017,Двутавр,балочный нормальный,55Б2,124.74,97.9,547,220,10,15.5,24,,,,,,ГОСТ Р 57837-2017 — machine-readable public transcription,https://github.com/vkorotenko/calcxactive/blob/9599e47a145b42f70d11976ea9b3c61a3e161564/src/typos/data57837.js,2026-10-01T00:00:00Z
ГОСТ Р 57837-2017,Двутавр,балочный нормальный,55Б3,148.63,116.7,553,221,12,18.5,24,,,,,,ГОСТ Р 57837-2017 — machine-readable public transcription,https://github.com/vkorotenko/calcxactive/blob/9599e47a145b42f70d11976ea9b3c61a3e161564/src/typos/data57837.js,2026-10-01T00:00:00Z
ГОСТ Р 57837-2017,Двутавр,балочный нормальный,55Б4,174.86,137.3,560,222,14,22,24,,,,,,ГОСТ Р 57837-2017 — machine-readable public transcription,https://github.com/vkorotenko/calcxactive/blob/9599e47a145b42f70d11976ea9b3c61a3e161564/src/typos/data57837.js,2026-10-01T00:00:00Z
ГОСТ Р 57837-2017,Двутавр,балочный нормальный,60Б1,120.45,94.6,596,199,10,15,22,,,,,,ГОСТ Р 57837-2017 — machine-readable public transcription,https://github.com/vkorotenko/calcxactive/blob/9599e47a145b42f70d11976ea9b3c61a3e161564/src/typos/data57837.js,2026-10-01T00:00:00Z
ГОСТ Р 57837-2017,Двутавр,балочный нормальный,60Б2,134.41,105.5,600,200,11,17,22,,,,,,ГОСТ Р 57837-2017 — machine-readable public transcription,https://github.com/vkorotenko/calcxactive/blob/9599e47a145b42f70d11976ea9b3c61a3e161564/src/typos/data57837.js,2026-10-01T00:00:00Z
ГОСТ Р 57837-2017,Двутавр,балочный нормальный,60Б3,151.28,118.8,604,201,12.5,19,22,,,,,,ГОСТ Р 57837-2017 — machine-readable public transcription,https://github.com/vkorotenko/calcxactive/blob/9599e47a145b42f70d11976ea9b3c61a3e161564/src/typos/data57837.js,2026-10-01T00:00:00Z
ГОСТ Р 57837-2017,Двутавр,балочный нормальный,60Б4,181.97,142.9,612,202,15,23,22,,,,,,ГОСТ Р 57837-2017 — machine-readable public transcription,https://github.com/vkorotenko/calcxactive/blob/9599e47a145b42f70d11976ea9b3c61a3e161564/src/typos/data57837.js,2026-10-01T00:00:00Z
ГОСТ Р 57837-2017,Двутавр,балочный нормальный,70Б1,164.74,129.3,691,260,12,15.5,24,,,,,,ГОСТ Р 57837-2017 — machine-readable public transcription,https://github.com/vkorotenko/calcxactive/blob/9599e47a145b42f70d11976ea9b3c61a3e161564/src/typos/data57837.js,2026-10-01T00:00:00Z
ГОСТ Р 57837-2017,Двутавр,балочный нормальный,70Б2,186.94,146.8,697,260,13,18.5,24,,,,,,ГОСТ Р 57837-2017 — machine-readable public transcription,https://github.com/vkorotenko/calcxactive/blob/9599e47a145b42f70d11976ea9b3c61a3e161564/src/typos/data57837.js,2026-10-01T00:00:00Z
ГОСТ Р 57837-2017,Двутавр,балочный нормальный,70Б3,210.26,165.1,702,261,14.5,21,24,,,,,,ГОСТ Р 57837-2017 — machine-readable public transcription,https://github.com/vkorotenko/calcxactive/blob/9599e47a145b42f70d11976ea9b3c61a3e161564/src/typos/data57837.js,2026-10-01T00:00:00Z
ГОСТ Р 57837-2017,Двутавр,балочный нормальный,70Б4,248.14,194.8,710,262,17,25,24,,,,,,ГОСТ Р 57837-2017 — machine-readable public transcription,https://github.com/vkorotenko/calcxactive/blob/9599e47a145b42f70d11976ea9b3c61a3e161564/src/typos/data57837.js,2026-10-01T00:00:00Z
ГОСТ Р 57837-2017,Двутавр,балочный широкополочный,20Ш0,31.11,24.4,190,149,5,7,13,,,,,,ГОСТ Р 57837-2017 — machine-readable public transcription,https://github.com/vkorotenko/calcxactive/blob/9599e47a145b42f70d11976ea9b3c61a3e161564/src/typos/data57837.js,2026-10-01T00:00:00Z
ГОСТ Р 57837-2017,Двутавр,балочный широкополочный,20Ш1,39.01,30.6,194,150,6,9,13,,,,,,ГОСТ Р 57837-2017 — machine-readable public transcription,https://github.com/vkorotenko/calcxactive/blob/9599e47a145b42f70d11976ea9b3c61a3e161564/src/typos/data57837.js,2026-10-01T00:00:00Z
ГОСТ Р 57837-2017,Двутавр,балочный широкополочный,20Ш2,49.38,38.8,199,151,7.5,11.5,13,,,,,,ГОСТ Р 57837-2017 — machine-readable public transcription,https://github.com/vkorotenko/calcxactive/blob/9599e47a145b42f70d11976ea9b3c61a3e161564/src/typos/data57837.js,2026-10-01T00:00:00Z
ГОСТ Р 57837-2017,Двутавр,балочный широкополочный,20Ш3,59.85,47,204,152,9,14,13,,,,,,ГОСТ Р 57837-2017 — machine-readable public transcription,https://github.com/vkorotenko/calcxactive/blob/9599e47a145b42f70d11976ea9b3c61a3e161564/src/typos/data57837.js,2026-10-01T00:00:00Z
ГОСТ Р 57837-2017,Двутавр,балочный широкополочный,20Ш4,75.06,58.9,211,155,11,17.5,13,,,,,,ГОСТ Р 57837-2017 — machine-readable public transcription,https://github.com/vkorotenko/calcxactive/blob/9599e47a145b42f70d11976ea9b3c61a3e161564/src/typos/data57837.js,2026-10-01T00:00:00Z
ГОСТ Р 57837-2017,Двутавр,балочный широкополочный,20Ш5,90.27,70.9,218,157,13,21,13,,,,,,ГОСТ Р 57837-2017 — machine-readable public transcription,https://github.com/vkorotenko/calcxactive/blob/9599e47a145b42f70d11976ea9b3c61a3e161564/src/typos/data57837.js,2026-10-01T00:00:00Z
ГОСТ Р 57837-2017,Двутавр,балочный широкополочный,20Ш6,112.29,88.2,228,159,16,26,13,,,,,,ГОСТ Р 57837-2017 — machine-readable public transcription,https://github.com/vkorotenko/calcxactive/blob/9599e47a145b42f70d11976ea9b3c61a3e161564/src/typos/data57837.js,2026-10-01T00:00:00Z
ГОСТ Р 57837-2017,Двутавр,балочный широкополочный,25Ш0,46.84,36.8,240,174,6,9,16,,,,,,ГОСТ Р 57837-2017 — machine-readable public transcription,https://github.com/vkorotenko/calcxactive/blob/9599e47a145b42f70d11976ea9b3c61a3e161564/src/typos/data57837.js,2026-10-01T00:00:00Z
ГОСТ Р 57837-2017,Двутавр,балочный широкополочный,25Ш1,56.24,44.2,244,175,7,11,16,,,,,,ГОСТ Р 57837-2017 — machine-readable public transcription,https://github.com/vkorotenko/calcxactive/blob/9599e47a145b42f70d11976ea9b3c61a3e161564/src/typos/data57837.js,2026-10-01T00:00:00Z
ГОСТ Р 57837-2017,Двутавр,балочный широкополочный,25Ш2,68.59,53.8,249,176,8.5,13.5,16,,,,,,ГОСТ Р 57837-2017 — machine-readable public transcription,https://github.com/vkorotenko/calcxactive/blob/9599e47a145b42f70d11976ea9b3c61a3e161564/src/typos/data57837.js,2026-10-01T00:00:00Z
ГОСТ Р 57837-2017,Двутавр,балочный широкополочный,25Ш3,85.69,67.3,256,177,10.5,17,16,,,,,,ГОСТ Р 57837-2017 — machine-readable public transcription,https://github.com/vkorotenko/calcxactive/blob/9599e47a145b42f70d11976ea9b3c61a3e161564/src/typos/data57837.js,2026-10-01T00:00:00Z
ГОСТ Р 57837-2017,Двутавр,балочный широкополочный,25Ш4,107.5,84.4,264,182,13,21,16,,,,,,ГОСТ Р 57837-2017 — machine-readable public transcription,https://github.com/vkorotenko/calcxactive/blob/9599e47a145b42f70d11976ea9b3c61a3e161564/src/typos/data57837.js,2026-10-01T00:00:00Z
ГОСТ Р 57837-2017,Двутавр,балочный широкополочный,25Ш5,133.4,104.7,274,184,16,26,16,,,,,,ГОСТ Р 57837-2017 — machine-readable public transcription,https://github.com/vkorotenko/calcxactive/blob/9599e47a145b42f70d11976ea9b3c61a3e161564/src/typos/data57837.js,2026-10-01T00:00:00Z
ГОСТ Р 57837-2017,Двутавр,балочный широкополочный,25Ш6,163.42,128.3,286,186,19,32,16,,,,,,ГОСТ Р 57837-2017 — machine-readable public transcription,https://github.com/vkorotenko/calcxactive/blob/9599e47a145b42f70d11976ea9b3c61a3e161564/src/typos/data57837.js,2026-10-01T00:00:00Z
ГОСТ Р 57837-2017,Двутавр,балочный широкополочный,30Ш0,61.48,48.3,290,199,7,10,18,,,,,,ГОСТ Р 57837-2017 — machine-readable public transcription,https://github.com/vkorotenko/calcxactive/blob/9599e47a145b42f70d11976ea9b3c61a3e161564/src/typos/data57837.js,2026-10-01T00:00:00Z
ГОСТ Р 57837-2017,Двутавр,балочный широкополочный,30Ш1,72.38,56.8,294,200,8,12,18,,,,,,ГОСТ Р 57837-2017 — machine-readable public transcription,https://github.com/vkorotenko/calcxactive/blob/9599e47a145b42f70d11976ea9b3c61a3e161564/src/typos/data57837.js,2026-10-01T00:00:00Z
ГОСТ Р 57837-2017,Двутавр,балочный широкополочный,30Ш2,87.38,68.6,300,201,9,15,18,,,,,,ГОСТ Р 57837-2017 — machine-readable public transcription,https://github.com/vkorotenko/calcxactive/blob/9599e47a145b42f70d11976ea9b3c61a3e161564/src/typos/data57837.js,2026-10-01T00:00:00Z
ГОСТ Р 57837-2017,Двутавр,балочный широкополочный,30Ш3,105.56,82.9,306,203,11,18,18,,,,,,ГОСТ Р 57837-2017 — machine-readable public transcription,https://github.com/vkorotenko/calcxactive/blob/9599e47a145b42f70d11976ea9b3c61a3e161564/src/typos/data57837.js,2026-10-01T00:00:00Z
ГОСТ Р 57837-2017,Двутавр,балочный широкополочный,30Ш4,128.52,100.9,314,206,13,22,18,,,,,,ГОСТ Р 57837-2017 — machine-readable public transcription,https://github.com/vkorotenko/calcxactive/blob/9599e47a145b42f70d11976ea9b3c61a3e161564/src/typos/data57837.js,2026-10-01T00:00:00Z
ГОСТ Р 57837-2017,Двутавр,балочный широкополочный,30Ш5,162.46,127.5,326,208,16,28,18,,,,,,ГОСТ Р 57837-2017 — machine-readable public transcription,https://github.com/vkorotenko/calcxactive/blob/9599e47a145b42f70d11976ea9b3c61a3e161564/src/typos/data57837.js,2026-10-01T00:00:00Z
ГОСТ Р 57837-2017,Двутавр,балочный широкополочный,30Ш6,207.98,163.3,342,210,20,36,18,,,,,,ГОСТ Р 57837-2017 — machine-readable public transcription,https://github.com/vkorotenko/calcxactive/blob/9599e47a145b42f70d11976ea9b3c61a3e161564/src/typos/data57837.js,2026-10-01T00:00:00Z
ГОСТ Р 57837-2017,Двутавр,балочный широкополочный,35Ш1,83.17,65.3,334,249,8,11,20,,,,,,ГОСТ Р 57837-2017 — machine-readable public transcription,https://github.com/vkorotenko/calcxactive/blob/9599e47a145b42f70d11976ea9b3c61a3e161564/src/typos/data57837.js,2026-10-01T00:00:00Z
ГОСТ Р 57837-2017,Двутавр,балочный широкополочный,35Ш2,101.51,79.7,340,250,9,14,20,,,,,,ГОСТ Р 57837-2017 — machine-readable public transcription,https://github.com/vkorotenko/calcxactive/blob/9599e47a145b42f70d11976ea9b3c61a3e161564/src/typos/data57837.js,2026-10-01T00:00:00Z
ГОСТ Р 57837-2017,Двутавр,балочный широкополочный,35Ш3,125.95,98.9,347,252,11,17.5,20,,,,,,ГОСТ Р 57837-2017 — machine-readable public transcription,https://github.com/vkorotenko/calcxactive/blob/9599e47a145b42f70d11976ea9b3c61a3e161564/src/typos/data57837.js,2026-10-01T00:00:00Z
ГОСТ Р 57837-2017,Двутавр,балочный широкополочный,35Ш4,150.67,118.3,354,254,13,21,20,,,,,,ГОСТ Р 57837-2017 — machine-readable public transcription,https://github.com/vkorotenko/calcxactive/blob/9599e47a145b42f70d11976ea9b3c61a3e161564/src/typos/data57837.js,2026-10-01T00:00:00Z
ГОСТ Р 57837-2017,Двутавр,балочный широкополочный,35Ш5,187.51,147.2,364,258,16,26,20,,,,,,ГОСТ Р 57837-2017 — machine-readable public transcription,https://github.com/vkorotenko/calcxactive/blob/9599e47a145b42f70d11976ea9b3c61a3e161564/src/typos/data57837.js,2026-10-01T00:00:00Z
ГОСТ Р 57837-2017,Двутавр,балочный широкополочный,35Ш6,229.11,179.9,376,260,19,32,20,,,,,,ГОСТ Р 57837-2017 — machine-readable public transcription,https://github.com/vkorotenko/calcxactive/blob/9599e47a145b42f70d11976ea9b3c61a3e161564/src/typos/data57837.js,2026-10-01T00:00:00Z
ГОСТ Р 57837-2017,Двутавр,балочный широкополочный,35Ш7,284.79,223.6,392,262,23,40,20,,,,,,ГОСТ Р 57837-2017 — machine-readable public transcription,https://github.com/vkorotenko/calcxactive/blob/9599e47a145b42f70d11976ea9b3c61a3e161564/src/typos/data57837.js,2026-10-01T00:00:00Z
ГОСТ Р 57837-2017,Двутавр,балочный широкополочный,40Ш1,112.91,88.6,383,299,9.5,12.5,22,,,,,,ГОСТ Р 57837-2017 — machine-readable public transcription,https://github.com/vkorotenko/calcxactive/blob/9599e47a145b42f70d11976ea9b3c61a3e161564/src/typos/data57837.js,2026-10-01T00:00:00Z
ГОСТ Р 57837-2017,Двутавр,балочный широкополочный,40Ш2,135.95,106.7,390,300,10,16,22,,,,,,ГОСТ Р 57837-2017 — machine-readable public transcription,https://github.com/vkorotenko/calcxactive/blob/9599e47a145b42f70d11976ea9b3c61a3e161564/src/typos/data57837.js,2026-10-01T00:00:00Z
ГОСТ Р 57837-2017,Двутавр,балочный широкополочный,40Ш3,164.89,129.4,397,302,12,19.5,22,,,,,,ГОСТ Р 57837-2017 — machine-readable public transcription,https://github.com/vkorotenko/calcxactive/blob/9599e47a145b42f70d11976ea9b3c61a3e161564/src/typos/data57837.js,2026-10-01T00:00:00Z
ГОСТ Р 57837-2017,Двутавр,балочный широкополочный,40Ш4,201.98,158.6,406,304,14.5,24,22,,,,,,ГОСТ Р 57837-2017 — machine-readable public transcription,https://github.com/vkorotenko/calcxactive/blob/9599e47a145b42f70d11976ea9b3c61a3e161564/src/typos/data57837.js,2026-10-01T00:00:00Z
ГОСТ Р 57837-2017,Двутавр,балочный широкополочный,40Ш5,252.2,198,418,309,17.5,30,22,,,,,,ГОСТ Р 57837-2017 — machine-readable public transcription,https://github.com/vkorotenko/calcxactive/blob/9599e47a145b42f70d11976ea9b3c61a3e161564/src/typos/data57837.js,2026-10-01T00:00:00Z
ГОСТ Р 57837-2017,Двутавр,балочный широкополочный,40Ш6,303.25,238.1,430,311,21,36,22,,,,,,ГОСТ Р 57837-2017 — machine-readable public transcription,https://github.com/vkorotenko/calcxactive/blob/9599e47a145b42f70d11976ea9b3c61a3e161564/src/typos/data57837.js,2026-10-01T00:00:00Z
ГОСТ Р 57837-2017,Двутавр,балочный широкополочный,40Ш7,369.09,289.7,446,313,25,44,22,,,,,,ГОСТ Р 57837-2017 — machine-readable public transcription,https://github.com/vkorotenko/calcxactive/blob/9599e47a145b42f70d11976ea9b3c61a3e161564/src/typos/data57837.js,2026-10-01T00:00:00Z
ГОСТ Р 57837-2017,Двутавр,балочный широкополочный,45Ш0,135.04,106,434,299,10,15,24,,,,,,ГОСТ Р 57837-2017 — machine-readable public transcription,https://github.com/vkorotenko/calcxactive/blob/9599e47a145b42f70d11976ea9b3c61a3e161564/src/typos/data57837.js,2026-10-01T00:00:00Z
ГОСТ Р 57837-2017,Двутавр,балочный широкополочный,45Ш1,157.38,123.6,440,300,11,18,24,,,,,,ГОСТ Р 57837-2017 — machine-readable public transcription,https://github.com/vkorotenko/calcxactive/blob/9599e47a145b42f70d11976ea9b3c61a3e161564/src/typos/data57837.js,2026-10-01T00:00:00Z
ГОСТ Р 57837-2017,Двутавр,балочный широкополочный,45Ш2,184.3,144.7,446,302,13,21,24,,,,,,ГОСТ Р 57837-2017 — machine-readable public transcription,https://github.com/vkorotenko/calcxactive/blob/9599e47a145b42f70d11976ea9b3c61a3e161564/src/typos/data57837.js,2026-10-01T00:00:00Z
ГОСТ Р 57837-2017,Двутавр,балочный широкополочный,45Ш3,211.46,166,452,304,15,24,24,,,,,,ГОСТ Р 57837-2017 — machine-readable public transcription,https://github.com/vkorotenko/calcxactive/blob/9599e47a145b42f70d11976ea9b3c61a3e161564/src/typos/data57837.js,2026-10-01T00:00:00Z
ГОСТ Р 57837-2017,Двутавр,балочный широкополочный,45Ш4,262.46,206,464,308,18,30,24,,,,,,ГОСТ Р 57837-2017 — machine-readable public transcription,https://github.com/vkorotenko/calcxactive/blob/9599e47a145b42f70d11976ea9b3c61a3e161564/src/typos/data57837.js,2026-10-01T00:00:00Z
ГОСТ Р 57837-2017,Двутавр,балочный широкополочный,45Ш5,312.98,245.7,476,310,21,36,24,,,,,,ГОСТ Р 57837-2017 — machine-readable public transcription,https://github.com/vkorotenko/calcxactive/blob/9599e47a145b42f70d11976ea9b3c61a3e161564/src/typos/data57837.js,2026-10-01T00:00:00Z
ГОСТ Р 57837-2017,Двутавр,балочный широкополочный,45Ш6,380.5,298.7,492,312,25,44,24,,,,,,ГОСТ Р 57837-2017 — machine-readable public transcription,https://github.com/vkorotenko/calcxactive/blob/9599e47a145b42f70d11976ea9b3c61a3e161564/src/typos/data57837.js,2026-10-01T00:00:00Z
ГОСТ Р 57837-2017,Двутавр,балочный широкополочный,50Ш1,145.52,114.2,482,300,11,15,26,,,,,,ГОСТ Р 57837-2017 — machine-readable public transcription,https://github.com/vkorotenko/calcxactive/blob/9599e47a145b42f70d11976ea9b3c61a3e161564/src/typos/data57837.js,2026-10-01T00:00:00Z
ГОСТ Р 57837-2017,Двутавр,балочный широкополочный,50Ш2,176.34,138.4,487,300,14.5,17.5,26,,,,,,ГОСТ Р 57837-2017 — machine-readable public transcription,https://github.com/vkorotenko/calcxactive/blob/9599e47a145b42f70d11976ea9b3c61a3e161564/src/typos/data57837.js,2026-10-01T00:00:00Z
ГОСТ Р 57837-2017,Двутавр,балочный широкополочный,50Ш3,198.86,156.1,493,300,15.5,20.5,26,,,,,,ГОСТ Р 57837-2017 — machine-readable public transcription,https://github.com/vkorotenko/calcxactive/blob/9599e47a145b42f70d11976ea9b3c61a3e161564/src/typos/data57837.js,2026-10-01T00:00:00Z
ГОСТ Р 57837-2017,Двутавр,балочный широкополочный,50Ш4,221.38,173.8,499,300,16.5,23.5,26,,,,,,ГОСТ Р 57837-2017 — machine-readable public transcription,https://github.com/vkorotenko/calcxactive/blob/9599e47a145b42f70d11976ea9b3c61a3e161564/src/typos/data57837.js,2026-10-01T00:00:00Z
ГОСТ Р 57837-2017,Двутавр,балочный широкополочный,50Ш5,260.8,204.7,508,302,19,28,26,,,,,,ГОСТ Р 57837-2017 — machine-readable public transcription,https://github.com/vkorotenko/calcxactive/blob/9599e47a145b42f70d11976ea9b3c61a3e161564/src/typos/data57837.js,2026-10-01T00:00:00Z
ГОСТ Р 57837-2017,Двутавр,балочный широкополочный,50Ш6,309.84,243.2,518,310,22,33,26,,,,,,ГОСТ Р 57837-2017 — machine-readable public transcription,https://github.com/vkorotenko/calcxactive/blob/9599e47a145b42f70d11976ea9b3c61a3e161564/src/typos/data57837.js,2026-10-01T00:00:00Z
ГОСТ Р 57837-2017,Двутавр,балочный широкополочный,50Ш7,372.92,292.7,532,312,26,40,26,,,,,,ГОСТ Р 57837-2017 — machine-readable public transcription,https://github.com/vkorotenko/calcxactive/blob/9599e47a145b42f70d11976ea9b3c61a3e161564/src/typos/data57837.js,2026-10-01T00:00:00Z
ГОСТ Р 57837-2017,Двутавр,балочный широкополочный,50Ш8,442.84,347.6,548,314,30,48,26,,,,,,ГОСТ Р 57837-2017 — machine-readable public transcription,https://github.com/vkorotenko/calcxactive/blob/9599e47a145b42f70d11976ea9b3c61a3e161564/src/typos/data57837.js,2026-10-01T00:00:00Z
ГОСТ Р 57837-2017,Двутавр,балочный широкополочный,60Ш1,174.49,137,582,300,12,17,28,,,,,,ГОСТ Р 57837-2017 — machine-readable public transcription,https://github.com/vkorotenko/calcxactive/blob/9599e47a145b42f70d11976ea9b3c61a3e161564/src/typos/data57837.js,2026-10-01T00:00:00Z
ГОСТ Р 57837-2017,Двутавр,балочный широкополочный,60Ш2,217.41,170.7,589,300,16,20.5,28,,,,,,ГОСТ Р 57837-2017 — machine-readable public transcription,https://github.com/vkorotenko/calcxactive/blob/9599e47a145b42f70d11976ea9b3c61a3e161564/src/typos/data57837.js,2026-10-01T00:00:00Z
ГОСТ Р 57837-2017,Двутавр,балочный широкополочный,60Ш3,252.37,198.1,597,300,18,24.5,28,,,,,,ГОСТ Р 57837-2017 — machine-readable public transcription,https://github.com/vkorotenko/calcxactive/blob/9599e47a145b42f70d11976ea9b3c61a3e161564/src/typos/data57837.js,2026-10-01T00:00:00Z
ГОСТ Р 57837-2017,Двутавр,балочный широкополочный,60Ш4,287.33,225.6,605,300,20,28.5,28,,,,,,ГОСТ Р 57837-2017 — machine-readable public transcription,https://github.com/vkorotenko/calcxactive/blob/9599e47a145b42f70d11976ea9b3c61a3e161564/src/typos/data57837.js,2026-10-01T00:00:00Z
ГОСТ Р 57837-2017,Двутавр,балочный широкополочный,60Ш5,338.13,265.4,616,302,23,34,28,,,,,,ГОСТ Р 57837-2017 — machine-readable public transcription,https://github.com/vkorotenko/calcxactive/blob/9599e47a145b42f70d11976ea9b3c61a3e161564/src/typos/data57837.js,2026-10-01T00:00:00Z
ГОСТ Р 57837-2017,Двутавр,балочный широкополочный,60Ш6,412.99,324.2,630,315,27,41,28,,,,,,ГОСТ Р 57837-2017 — machine-readable public transcription,https://github.com/vkorotenko/calcxactive/blob/9599e47a145b42f70d11976ea9b3c61a3e161564/src/typos/data57837.js,2026-10-01T00:00:00Z
ГОСТ Р 57837-2017,Двутавр,балочный широкополочный,60Ш7,480.93,377.5,644,317,31,48,28,,,,,,ГОСТ Р 57837-2017 — machine-readable public transcription,https://github.com/vkorotenko/calcxactive/blob/9599e47a145b42f70d11976ea9b3c61a3e161564/src/typos/data57837.js,2026-10-01T00:00:00Z
ГОСТ Р 57837-2017,Двутавр,балочный широкополочный,60Ш8,574.05,450.6,664,319,36,58,28,,,,,,ГОСТ Р 57837-2017 — machine-readable public transcription,https://github.com/vkorotenko/calcxactive/blob/9599e47a145b42f70d11976ea9b3c61a3e161564/src/typos/data57837.js,2026-10-01T00:00:00Z
ГОСТ Р 57837-2017,Двутавр,балочный широкополочный,70Ш1,211.49,166,692,300,13,20,28,,,,,,ГОСТ Р 57837-2017 — machine-readable public transcription,https://github.com/vkorotenko/calcxactive/blob/9599e47a145b42f70d11976ea9b3c61a3e161564/src/typos/data57837.js,2026-10-01T00:00:00Z
ГОСТ Р 57837-2017,Двутавр,балочный широкополочный,70Ш2,242.53,190.4,698,300,15,23,28,,,,,,ГОСТ Р 57837-2017 — machine-readable public transcription,https://github.com/vkorotenko/calcxactive/blob/9599e47a145b42f70d11976ea9b3c61a3e161564/src/typos/data57837.js,2026-10-01T00:00:00Z
ГОСТ Р 57837-2017,Двутавр,балочный широкополочный,70Ш3,289.09,226.9,707,300,18,27.5,28,,,,,,ГОСТ Р 57837-2017 — machine-readable public transcription,https://github.com/vkorotenko/calcxactive/blob/9599e47a145b42f70d11976ea9b3c61a3e161564/src/typos/data57837.js,2026-10-01T00:00:00Z
ГОСТ Р 57837-2017,Двутавр,балочный широкополочный,70Ш4,329.39,258.6,715,300,20.5,31.5,28,,,,,,ГОСТ Р 57837-2017 — machine-readable public transcription,https://github.com/vkorotenko/calcxactive/blob/9599e47a145b42f70d11976ea9b3c61a3e161564/src/typos/data57837.js,2026-10-01T00:00:00Z
ГОСТ Р 57837-2017,Двутавр,балочный широкополочный,70Ш5,375.69,294.9,725,300,23,36.5,28,,,,,,ГОСТ Р 57837-2017 — machine-readable public transcription,https://github.com/vkorotenko/calcxactive/blob/9599e47a145b42f70d11976ea9b3c61a3e161564/src/typos/data57837.js,2026-10-01T00:00:00Z
ГОСТ Р 57837-2017,Двутавр,балочный широкополочный,70Ш6,458.21,359.7,740,313,27,44,28,,,,,,ГОСТ Р 57837-2017 — machine-readable public transcription,https://github.com/vkorotenko/calcxactive/blob/9599e47a145b42f70d11976ea9b3c61a3e161564/src/typos/data57837.js,2026-10-01T00:00:00Z
ГОСТ Р 57837-2017,Двутавр,балочный широкополочный,70Ш7,549.27,431.2,758,315,32,53,28,,,,,,ГОСТ Р 57837-2017 — machine-readable public transcription,https://github.com/vkorotenko/calcxactive/blob/9599e47a145b42f70d11976ea9b3c61a3e161564/src/typos/data57837.js,2026-10-01T00:00:00Z
ГОСТ Р 57837-2017,Двутавр,балочный широкополочный,70Ш8,660.25,518.3,780,317,38,64,28,,,,,,ГОСТ Р 57837-2017 — machine-readable public transcription,https://github.com/vkorotenko/calcxactive/blob/9599e47a145b42f70d11976ea9b3c61a3e161564/src/typos/data57837.js,2026-10-01T00:00:00Z
ГОСТ Р 57837-2017,Двутавр,колонный,15К1,34.17,26.8,147,149,6,8.5,11,,,,,,ГОСТ Р 57837-2017 — machine-readable public transcription,https://github.com/vkorotenko/calcxactive/blob/9599e47a145b42f70d11976ea9b3c61a3e161564/src/typos/data57837.js,2026-10-01T00:00:00Z
ГОСТ Р 57837-2017,Двутавр,колонный,15К2,40.14,31.5,150,150,7,10,11,,,,,,ГОСТ Р 57837-2017 — machine-readable public transcription,https://github.com/vkorotenko/calcxactive/blob/9599e47a145b42f70d11976ea9b3c61a3e161564/src/typos/data57837.js,2026-10-01T00:00:00Z
ГОСТ Р 57837-2017,Двутавр,колонный,15К3,49.84,39.1,155,151,8.5,12.5,11,,,,,,ГОСТ Р 57837-2017 — machine-readable public transcription,https://github.com/vkorotenko/calcxactive/blob/9599e47a145b42f70d11976ea9b3c61a3e161564/src/typos/data57837.js,2026-10-01T00:00:00Z
ГОСТ Р 57837-2017,Двутавр,колонный,15К4,59.64,46.8,160,152,10,15,11,,,,,,ГОСТ Р 57837-2017 — machine-readable public transcription,https://github.com/vkorotenko/calcxactive/blob/9599e47a145b42f70d11976ea9b3c61a3e161564/src/typos/data57837.js,2026-10-01T00:00:00Z
ГОСТ Р 57837-2017,Двутавр,колонный,15К5,71.72,56.3,166,153,12,18,11,,,,,,ГОСТ Р 57837-2017 — machine-readable public transcription,https://github.com/vkorotenko/calcxactive/blob/9599e47a145b42f70d11976ea9b3c61a3e161564/src/typos/data57837.js,2026-10-01T00:00:00Z
ГОСТ Р 57837-2017,Двутавр,колонный,20К1,52.69,41.4,196,199,6.5,10,13,,,,,,ГОСТ Р 57837-2017 — machine-readable public transcription,https://github.com/vkorotenko/calcxactive/blob/9599e47a145b42f70d11976ea9b3c61a3e161564/src/typos/data57837.js,2026-10-01T00:00:00Z
ГОСТ Р 57837-2017,Двутавр,колонный,20К2,63.53,49.9,200,200,8,12,13,,,,,,ГОСТ Р 57837-2017 — machine-readable public transcription,https://github.com/vkorotenko/calcxactive/blob/9599e47a145b42f70d11976ea9b3c61a3e161564/src/typos/data57837.js,2026-10-01T00:00:00Z
ГОСТ Р 57837-2017,Двутавр,колонный,20К3,73.57,57.8,204,201,9,14,13,,,,,,ГОСТ Р 57837-2017 — machine-readable public transcription,https://github.com/vkorotenko/calcxactive/blob/9599e47a145b42f70d11976ea9b3c61a3e161564/src/typos/data57837.js,2026-10-01T00:00:00Z
ГОСТ Р 57837-2017,Двутавр,колонный,20К4,88.27,69.3,210,201,10.5,17,13,,,,,,ГОСТ Р 57837-2017 — machine-readable public transcription,https://github.com/vkorotenko/calcxactive/blob/9599e47a145b42f70d11976ea9b3c61a3e161564/src/typos/data57837.js,2026-10-01T00:00:00Z
ГОСТ Р 57837-2017,Двутавр,колонный,20К5,99.33,78,214,202,12,19,13,,,,,,ГОСТ Р 57837-2017 — machine-readable public transcription,https://github.com/vkorotenko/calcxactive/blob/9599e47a145b42f70d11976ea9b3c61a3e161564/src/typos/data57837.js,2026-10-01T00:00:00Z
ГОСТ Р 57837-2017,Двутавр,колонный,20К6,114.97,90.3,220,202,14,22,13,,,,,,ГОСТ Р 57837-2017 — machine-readable public transcription,https://github.com/vkorotenko/calcxactive/blob/9599e47a145b42f70d11976ea9b3c61a3e161564/src/typos/data57837.js,2026-10-01T00:00:00Z
ГОСТ Р 57837-2017,Двутавр,колонный,20К7,131.11,102.9,226,203,16,25,13,,,,,,ГОСТ Р 57837-2017 — machine-readable public transcription,https://github.com/vkorotenko/calcxactive/blob/9599e47a145b42f70d11976ea9b3c61a3e161564/src/typos/data57837.js,2026-10-01T00:00:00Z
ГОСТ Р 57837-2017,Двутавр,колонный,20К8,150.87,118.4,234,203,18,29,13,,,,,,ГОСТ Р 57837-2017 — machine-readable public transcription,https://github.com/vkorotenko/calcxactive/blob/9599e47a145b42f70d11976ea9b3c61a3e161564/src/typos/data57837.js,2026-10-01T00:00:00Z
ГОСТ Р 57837-2017,Двутавр,колонный,25К1,79.72,62.6,246,249,8,12,16,,,,,,ГОСТ Р 57837-2017 — machine-readable public transcription,https://github.com/vkorotenko/calcxactive/blob/9599e47a145b42f70d11976ea9b3c61a3e161564/src/typos/data57837.js,2026-10-01T00:00:00Z
ГОСТ Р 57837-2017,Двутавр,колонный,25К10,251.62,197.5,298,261,23,38,16,,,,,,ГОСТ Р 57837-2017 — machine-readable public transcription,https://github.com/vkorotenko/calcxactive/blob/9599e47a145b42f70d11976ea9b3c61a3e161564/src/typos/data57837.js,2026-10-01T00:00:00Z
ГОСТ Р 57837-2017,Двутавр,колонный,25К2,92.18,72.4,250,250,9,14,16,,,,,,ГОСТ Р 57837-2017 — machine-readable public transcription,https://github.com/vkorotenko/calcxactive/blob/9599e47a145b42f70d11976ea9b3c61a3e161564/src/typos/data57837.js,2026-10-01T00:00:00Z
ГОСТ Р 57837-2017,Двутавр,колонный,25К3,102.21,80.2,253,251,10,15.5,16,,,,,,ГОСТ Р 57837-2017 — machine-readable public transcription,https://github.com/vkorotenko/calcxactive/blob/9599e47a145b42f70d11976ea9b3c61a3e161564/src/typos/data57837.js,2026-10-01T00:00:00Z
ГОСТ Р 57837-2017,Двутавр,колонный,25К4,114.82,90.1,257,252,11,17.5,16,,,,,,ГОСТ Р 57837-2017 — machine-readable public transcription,https://github.com/vkorotenko/calcxactive/blob/9599e47a145b42f70d11976ea9b3c61a3e161564/src/typos/data57837.js,2026-10-01T00:00:00Z
ГОСТ Р 57837-2017,Двутавр,колонный,25К5,131.15,103,262,253,12.5,20,16,,,,,,ГОСТ Р 57837-2017 — machine-readable public transcription,https://github.com/vkorotenko/calcxactive/blob/9599e47a145b42f70d11976ea9b3c61a3e161564/src/typos/data57837.js,2026-10-01T00:00:00Z
ГОСТ Р 57837-2017,Двутавр,колонный,25К6,147.13,115.5,267,253,14,22.5,16,,,,,,ГОСТ Р 57837-2017 — machine-readable public transcription,https://github.com/vkorotenko/calcxactive/blob/9599e47a145b42f70d11976ea9b3c61a3e161564/src/typos/data57837.js,2026-10-01T00:00:00Z
ГОСТ Р 57837-2017,Двутавр,колонный,25К7,171.88,134.9,274,258,16,26,16,,,,,,ГОСТ Р 57837-2017 — machine-readable public transcription,https://github.com/vkorotenko/calcxactive/blob/9599e47a145b42f70d11976ea9b3c61a3e161564/src/typos/data57837.js,2026-10-01T00:00:00Z
ГОСТ Р 57837-2017,Двутавр,колонный,25К8,194.97,153.1,281,259,18,29.5,16,,,,,,ГОСТ Р 57837-2017 — machine-readable public transcription,https://github.com/vkorotenko/calcxactive/blob/9599e47a145b42f70d11976ea9b3c61a3e161564/src/typos/data57837.js,2026-10-01T00:00:00Z
ГОСТ Р 57837-2017,Двутавр,колонный,25К9,218.2,171.3,288,260,20,33,16,,,,,,ГОСТ Р 57837-2017 — machine-readable public transcription,https://github.com/vkorotenko/calcxactive/blob/9599e47a145b42f70d11976ea9b3c61a3e161564/src/typos/data57837.js,2026-10-01T00:00:00Z
ГОСТ Р 57837-2017,Двутавр,колонный,30К1,110.8,87,298,299,9,14,18,,,,,,ГОСТ Р 57837-2017 — machine-readable public transcription,https://github.com/vkorotenko/calcxactive/blob/9599e47a145b42f70d11976ea9b3c61a3e161564/src/typos/data57837.js,2026-10-01T00:00:00Z
ГОСТ Р 57837-2017,Двутавр,колонный,30К10,259.6,203.8,328,359,18,29,18,,,,,,ГОСТ Р 57837-2017 — machine-readable public transcription,https://github.com/vkorotenko/calcxactive/blob/9599e47a145b42f70d11976ea9b3c61a3e161564/src/typos/data57837.js,2026-10-01T00:00:00Z
ГОСТ Р 57837-2017,Двутавр,колонный,30К11,287.18,225.4,334,360,20,32,18,,,,,,ГОСТ Р 57837-2017 — machine-readable public transcription,https://github.com/vkorotenko/calcxactive/blob/9599e47a145b42f70d11976ea9b3c61a3e161564/src/typos/data57837.js,2026-10-01T00:00:00Z
ГОСТ Р 57837-2017,Двутавр,колонный,30К12,318.49,250,341,361,22,35.5,18,,,,,,ГОСТ Р 57837-2017 — machine-readable public transcription,https://github.com/vkorotenko/calcxactive/blob/9599e47a145b42f70d11976ea9b3c61a3e161564/src/typos/data57837.js,2026-10-01T00:00:00Z
ГОСТ Р 57837-2017,Двутавр,колонный,30К13,357.18,280.4,350,362,24,40,18,,,,,,ГОСТ Р 57837-2017 — machine-readable public transcription,https://github.com/vkorotenko/calcxactive/blob/9599e47a145b42f70d11976ea9b3c61a3e161564/src/typos/data57837.js,2026-10-01T00:00:00Z
ГОСТ Р 57837-2017,Двутавр,колонный,30К14,394.74,309.9,356,371,27,43,18,,,,,,ГОСТ Р 57837-2017 — machine-readable public transcription,https://github.com/vkorotenko/calcxactive/blob/9599e47a145b42f70d11976ea9b3c61a3e161564/src/typos/data57837.js,2026-10-01T00:00:00Z
ГОСТ Р 57837-2017,Двутавр,колонный,30К15,433.46,340.3,364,372,30,47,18,,,,,,ГОСТ Р 57837-2017 — machine-readable public transcription,https://github.com/vkorotenko/calcxactive/blob/9599e47a145b42f70d11976ea9b3c61a3e161564/src/typos/data57837.js,2026-10-01T00:00:00Z
ГОСТ Р 57837-2017,Двутавр,колонный,30К16,479.8,376.6,374,373,33,52,18,,,,,,ГОСТ Р 57837-2017 — machine-readable public transcription,https://github.com/vkorotenko/calcxactive/blob/9599e47a145b42f70d11976ea9b3c61a3e161564/src/typos/data57837.js,2026-10-01T00:00:00Z
ГОСТ Р 57837-2017,Двутавр,колонный,30К17,526.34,413.2,384,374,36,57,18,,,,,,ГОСТ Р 57837-2017 — machine-readable public transcription,https://github.com/vkorotenko/calcxactive/blob/9599e47a145b42f70d11976ea9b3c61a3e161564/src/typos/data57837.js,2026-10-01T00:00:00Z
ГОСТ Р 57837-2017,Двутавр,колонный,30К18,580.58,455.8,396,375,39,63,18,,,,,,ГОСТ Р 57837-2017 — machine-readable public transcription,https://github.com/vkorotenko/calcxactive/blob/9599e47a145b42f70d11976ea9b3c61a3e161564/src/typos/data57837.js,2026-10-01T00:00:00Z
ГОСТ Р 57837-2017,Двутавр,колонный,30К19,650.18,510.4,408,385,43,69,18,,,,,,ГОСТ Р 57837-2017 — machine-readable public transcription,https://github.com/vkorotenko/calcxactive/blob/9599e47a145b42f70d11976ea9b3c61a3e161564/src/typos/data57837.js,2026-10-01T00:00:00Z
ГОСТ Р 57837-2017,Двутавр,колонный,30К2,119.78,94,300,300,10,15,18,,,,,,ГОСТ Р 57837-2017 — machine-readable public transcription,https://github.com/vkorotenko/calcxactive/blob/9599e47a145b42f70d11976ea9b3c61a3e161564/src/typos/data57837.js,2026-10-01T00:00:00Z
ГОСТ Р 57837-2017,Двутавр,колонный,30К20,717.92,563.6,422,387,47,76,18,,,,,,ГОСТ Р 57837-2017 — machine-readable public transcription,https://github.com/vkorotenko/calcxactive/blob/9599e47a145b42f70d11976ea9b3c61a3e161564/src/typos/data57837.js,2026-10-01T00:00:00Z
ГОСТ Р 57837-2017,Двутавр,колонный,30К21,804.48,631.5,440,389,52,85,18,,,,,,ГОСТ Р 57837-2017 — machine-readable public transcription,https://github.com/vkorotenko/calcxactive/blob/9599e47a145b42f70d11976ea9b3c61a3e161564/src/typos/data57837.js,2026-10-01T00:00:00Z
ГОСТ Р 57837-2017,Двутавр,колонный,30К3,134.78,105.8,300,305,15,15,18,,,,,,ГОСТ Р 57837-2017 — machine-readable public transcription,https://github.com/vkorotenko/calcxactive/blob/9599e47a145b42f70d11976ea9b3c61a3e161564/src/typos/data57837.js,2026-10-01T00:00:00Z
ГОСТ Р 57837-2017,Двутавр,колонный,30К4,134.82,105.8,304,301,11,17,18,,,,,,ГОСТ Р 57837-2017 — machine-readable public transcription,https://github.com/vkorotenko/calcxactive/blob/9599e47a145b42f70d11976ea9b3c61a3e161564/src/typos/data57837.js,2026-10-01T00:00:00Z
ГОСТ Р 57837-2017,Двутавр,колонный,30К5,149.56,117.4,308,301,12,19,18,,,,,,ГОСТ Р 57837-2017 — machine-readable public transcription,https://github.com/vkorotenko/calcxactive/blob/9599e47a145b42f70d11976ea9b3c61a3e161564/src/typos/data57837.js,2026-10-01T00:00:00Z
ГОСТ Р 57837-2017,Двутавр,колонный,30К6,164.72,129.3,312,302,13,21,18,,,,,,ГОСТ Р 57837-2017 — machine-readable public transcription,https://github.com/vkorotenko/calcxactive/blob/9599e47a145b42f70d11976ea9b3c61a3e161564/src/typos/data57837.js,2026-10-01T00:00:00Z
ГОСТ Р 57837-2017,Двутавр,колонный,30К7,180.85,142,316,302,14.5,23,18,,,,,,ГОСТ Р 57837-2017 — machine-readable public transcription,https://github.com/vkorotenko/calcxactive/blob/9599e47a145b42f70d11976ea9b3c61a3e161564/src/typos/data57837.js,2026-10-01T00:00:00Z
ГОСТ Р 57837-2017,Двутавр,колонный,30К8,206.15,161.8,316,357,14.5,23,18,,,,,,ГОСТ Р 57837-2017 — machine-readable public transcription,https://github.com/vkorotenko/calcxactive/blob/9599e47a145b42f70d11976ea9b3c61a3e161564/src/typos/data57837.js,2026-10-01T00:00:00Z
ГОСТ Р 57837-2017,Двутавр,колонный,30К9,232.14,182.2,322,358,16,26,18,,,,,,ГОСТ Р 57837-2017 — machine-readable public transcription,https://github.com/vkorotenko/calcxactive/blob/9599e47a145b42f70d11976ea9b3c61a3e161564/src/typos/data57837.js,2026-10-01T00:00:00Z
ГОСТ Р 57837-2017,Двутавр,колонный,35К1,139.03,109.1,342,348,10,15,20,,,,,,ГОСТ Р 57837-2017 — machine-readable public transcription,https://github.com/vkorotenko/calcxactive/blob/9599e47a145b42f70d11976ea9b3c61a3e161564/src/typos/data57837.js,2026-10-01T00:00:00Z
ГОСТ Р 57837-2017,Двутавр,колонный,35К1.5,156.41,122.8,346,349,11,17,20,,,,,,ГОСТ Р 57837-2017 — machine-readable public transcription,https://github.com/vkorotenko/calcxactive/blob/9599e47a145b42f70d11976ea9b3c61a3e161564/src/typos/data57837.js,2026-10-01T00:00:00Z
ГОСТ Р 57837-2017,Двутавр,колонный,35К10,391.87,307.6,396,364,26.5,42,20,,,,,,ГОСТ Р 57837-2017 — machine-readable public transcription,https://github.com/vkorotenko/calcxactive/blob/9599e47a145b42f70d11976ea9b3c61a3e161564/src/typos/data57837.js,2026-10-01T00:00:00Z
ГОСТ Р 57837-2017,Двутавр,колонный,35К11,437.99,343.8,404,374,29,46,20,,,,,,ГОСТ Р 57837-2017 — machine-readable public transcription,https://github.com/vkorotenko/calcxactive/blob/9599e47a145b42f70d11976ea9b3c61a3e161564/src/typos/data57837.js,2026-10-01T00:00:00Z
ГОСТ Р 57837-2017,Двутавр,колонный,35К12,485.77,381.3,414,375,32,51,20,,,,,,ГОСТ Р 57837-2017 — machine-readable public transcription,https://github.com/vkorotenko/calcxactive/blob/9599e47a145b42f70d11976ea9b3c61a3e161564/src/typos/data57837.js,2026-10-01T00:00:00Z
ГОСТ Р 57837-2017,Двутавр,колонный,35К13,533.75,419,424,376,35,56,20,,,,,,ГОСТ Р 57837-2017 — machine-readable public transcription,https://github.com/vkorotenko/calcxactive/blob/9599e47a145b42f70d11976ea9b3c61a3e161564/src/typos/data57837.js,2026-10-01T00:00:00Z
ГОСТ Р 57837-2017,Двутавр,колонный,35К14,581.93,456.8,434,377,38,61,20,,,,,,ГОСТ Р 57837-2017 — machine-readable public transcription,https://github.com/vkorotenko/calcxactive/blob/9599e47a145b42f70d11976ea9b3c61a3e161564/src/typos/data57837.js,2026-10-01T00:00:00Z
ГОСТ Р 57837-2017,Двутавр,колонный,35К15,640.99,503.2,446,378,42,67,20,,,,,,ГОСТ Р 57837-2017 — machine-readable public transcription,https://github.com/vkorotenko/calcxactive/blob/9599e47a145b42f70d11976ea9b3c61a3e161564/src/typos/data57837.js,2026-10-01T00:00:00Z
ГОСТ Р 57837-2017,Двутавр,колонный,35К16,719.27,564.6,458,392,46,73,20,,,,,,ГОСТ Р 57837-2017 — machine-readable public transcription,https://github.com/vkorotenko/calcxactive/blob/9599e47a145b42f70d11976ea9b3c61a3e161564/src/typos/data57837.js,2026-10-01T00:00:00Z
ГОСТ Р 57837-2017,Двутавр,колонный,35К17,788.23,618.8,472,393,50,80,20,,,,,,ГОСТ Р 57837-2017 — machine-readable public transcription,https://github.com/vkorotenko/calcxactive/blob/9599e47a145b42f70d11976ea9b3c61a3e161564/src/typos/data57837.js,2026-10-01T00:00:00Z
ГОСТ Р 57837-2017,Двутавр,колонный,35К18,868.47,681.8,488,394,55,88,20,,,,,,ГОСТ Р 57837-2017 — machine-readable public transcription,https://github.com/vkorotenko/calcxactive/blob/9599e47a145b42f70d11976ea9b3c61a3e161564/src/typos/data57837.js,2026-10-01T00:00:00Z
ГОСТ Р 57837-2017,Двутавр,колонный,35К19,956.93,751.2,506,395,60,97,20,,,,,,ГОСТ Р 57837-2017 — machine-readable public transcription,https://github.com/vkorotenko/calcxactive/blob/9599e47a145b42f70d11976ea9b3c61a3e161564/src/typos/data57837.js,2026-10-01T00:00:00Z
ГОСТ Р 57837-2017,Двутавр,колонный,35К2,173.87,136.5,350,350,12,19,20,,,,,,ГОСТ Р 57837-2017 — machine-readable public transcription,https://github.com/vkorotenko/calcxactive/blob/9599e47a145b42f70d11976ea9b3c61a3e161564/src/typos/data57837.js,2026-10-01T00:00:00Z
ГОСТ Р 57837-2017,Двутавр,колонный,35К20,1056.95,829.7,520,409,65,104,20,,,,,,ГОСТ Р 57837-2017 — machine-readable public transcription,https://github.com/vkorotenko/calcxactive/blob/9599e47a145b42f70d11976ea9b3c61a3e161564/src/typos/data57837.js,2026-10-01T00:00:00Z
ГОСТ Р 57837-2017,Двутавр,колонный,35К21,1162.03,912.2,540,411,71,114,20,,,,,,ГОСТ Р 57837-2017 — machine-readable public transcription,https://github.com/vkorotenko/calcxactive/blob/9599e47a145b42f70d11976ea9b3c61a3e161564/src/typos/data57837.js,2026-10-01T00:00:00Z
ГОСТ Р 57837-2017,Двутавр,колонный,35К22,1276.17,1001.8,562,413,77,125,20,,,,,,ГОСТ Р 57837-2017 — machine-readable public transcription,https://github.com/vkorotenko/calcxactive/blob/9599e47a145b42f70d11976ea9b3c61a3e161564/src/typos/data57837.js,2026-10-01T00:00:00Z
ГОСТ Р 57837-2017,Двутавр,колонный,35К23,1407.19,1104.7,580,426,84,134,20,,,,,,ГОСТ Р 57837-2017 — machine-readable public transcription,https://github.com/vkorotenko/calcxactive/blob/9599e47a145b42f70d11976ea9b3c61a3e161564/src/typos/data57837.js,2026-10-01T00:00:00Z
ГОСТ Р 57837-2017,Двутавр,колонный,35К24,1546.07,1213.7,604,430,92,146,20,,,,,,ГОСТ Р 57837-2017 — machine-readable public transcription,https://github.com/vkorotenko/calcxactive/blob/9599e47a145b42f70d11976ea9b3c61a3e161564/src/typos/data57837.js,2026-10-01T00:00:00Z
ГОСТ Р 57837-2017,Двутавр,колонный,35К3,196.48,154.2,355,351,13.5,21.5,20,,,,,,ГОСТ Р 57837-2017 — machine-readable public transcription,https://github.com/vkorotenko/calcxactive/blob/9599e47a145b42f70d11976ea9b3c61a3e161564/src/typos/data57837.js,2026-10-01T00:00:00Z
ГОСТ Р 57837-2017,Двутавр,колонный,35К4,219.19,172.1,360,352,15,24,20,,,,,,ГОСТ Р 57837-2017 — machine-readable public transcription,https://github.com/vkorotenko/calcxactive/blob/9599e47a145b42f70d11976ea9b3c61a3e161564/src/typos/data57837.js,2026-10-01T00:00:00Z
ГОСТ Р 57837-2017,Двутавр,колонный,35К5,242,190,365,353,16.5,26.5,20,,,,,,ГОСТ Р 57837-2017 — machine-readable public transcription,https://github.com/vkorotenko/calcxactive/blob/9599e47a145b42f70d11976ea9b3c61a3e161564/src/typos/data57837.js,2026-10-01T00:00:00Z
ГОСТ Р 57837-2017,Двутавр,колонный,35К6,264.79,207.9,369,360,18,28.5,20,,,,,,ГОСТ Р 57837-2017 — machine-readable public transcription,https://github.com/vkorotenko/calcxactive/blob/9599e47a145b42f70d11976ea9b3c61a3e161564/src/typos/data57837.js,2026-10-01T00:00:00Z
ГОСТ Р 57837-2017,Двутавр,колонный,35К7,296.87,233.1,376,361,20,32,20,,,,,,ГОСТ Р 57837-2017 — machine-readable public transcription,https://github.com/vkorotenko/calcxactive/blob/9599e47a145b42f70d11976ea9b3c61a3e161564/src/typos/data57837.js,2026-10-01T00:00:00Z
ГОСТ Р 57837-2017,Двутавр,колонный,35К8,325.47,255.5,382,362,22,35,20,,,,,,ГОСТ Р 57837-2017 — machine-readable public transcription,https://github.com/vkorotenko/calcxactive/blob/9599e47a145b42f70d11976ea9b3c61a3e161564/src/typos/data57837.js,2026-10-01T00:00:00Z
ГОСТ Р 57837-2017,Двутавр,колонный,35К9,357.82,280.9,389,363,24,38.5,20,,,,,,ГОСТ Р 57837-2017 — machine-readable public transcription,https://github.com/vkorotenko/calcxactive/blob/9599e47a145b42f70d11976ea9b3c61a3e161564/src/typos/data57837.js,2026-10-01T00:00:00Z
ГОСТ Р 57837-2017,Двутавр,колонный,40К1,186.81,146.7,394,398,11,18,22,,,,,,ГОСТ Р 57837-2017 — machine-readable public transcription,https://github.com/vkorotenko/calcxactive/blob/9599e47a145b42f70d11976ea9b3c61a3e161564/src/typos/data57837.js,2026-10-01T00:00:00Z
ГОСТ Р 57837-2017,Двутавр,колонный,40К10,615.01,482.8,484,374,39,63,22,,,,,,ГОСТ Р 57837-2017 — machine-readable public transcription,https://github.com/vkorotenko/calcxactive/blob/9599e47a145b42f70d11976ea9b3c61a3e161564/src/typos/data57837.js,2026-10-01T00:00:00Z
ГОСТ Р 57837-2017,Двутавр,колонный,40К11,691.21,542.6,494,392,43,68,22,,,,,,ГОСТ Р 57837-2017 — machine-readable public transcription,https://github.com/vkorotenko/calcxactive/blob/9599e47a145b42f70d11976ea9b3c61a3e161564/src/typos/data57837.js,2026-10-01T00:00:00Z
ГОСТ Р 57837-2017,Двутавр,колонный,40К12,773.35,607.1,510,393,48,76,22,,,,,,ГОСТ Р 57837-2017 — machine-readable public transcription,https://github.com/vkorotenko/calcxactive/blob/9599e47a145b42f70d11976ea9b3c61a3e161564/src/typos/data57837.js,2026-10-01T00:00:00Z
ГОСТ Р 57837-2017,Двутавр,колонный,40К13,863.69,678,528,394,53,85,22,,,,,,ГОСТ Р 57837-2017 — machine-readable public transcription,https://github.com/vkorotenko/calcxactive/blob/9599e47a145b42f70d11976ea9b3c61a3e161564/src/typos/data57837.js,2026-10-01T00:00:00Z
ГОСТ Р 57837-2017,Двутавр,колонный,40К14,965.87,758.2,548,395,59,95,22,,,,,,ГОСТ Р 57837-2017 — machine-readable public transcription,https://github.com/vkorotenko/calcxactive/blob/9599e47a145b42f70d11976ea9b3c61a3e161564/src/typos/data57837.js,2026-10-01T00:00:00Z
ГОСТ Р 57837-2017,Двутавр,колонный,40К15,1081.45,848.9,564,410,65,103,22,,,,,,ГОСТ Р 57837-2017 — machine-readable public transcription,https://github.com/vkorotenko/calcxactive/blob/9599e47a145b42f70d11976ea9b3c61a3e161564/src/typos/data57837.js,2026-10-01T00:00:00Z
ГОСТ Р 57837-2017,Двутавр,колонный,40К16,1209.51,949.5,588,412,72,115,22,,,,,,ГОСТ Р 57837-2017 — machine-readable public transcription,https://github.com/vkorotenko/calcxactive/blob/9599e47a145b42f70d11976ea9b3c61a3e161564/src/typos/data57837.js,2026-10-01T00:00:00Z
ГОСТ Р 57837-2017,Двутавр,колонный,40К17,1358.67,1066.6,616,414,80,129,22,,,,,,ГОСТ Р 57837-2017 — machine-readable public transcription,https://github.com/vkorotenko/calcxactive/blob/9599e47a145b42f70d11976ea9b3c61a3e161564/src/typos/data57837.js,2026-10-01T00:00:00Z
ГОСТ Р 57837-2017,Двутавр,колонный,40К18,1519.61,1192.9,638,430,87,140,22,,,,,,ГОСТ Р 57837-2017 — machine-readable public transcription,https://github.com/vkorotenko/calcxactive/blob/9599e47a145b42f70d11976ea9b3c61a3e161564/src/typos/data57837.js,2026-10-01T00:00:00Z
ГОСТ Р 57837-2017,Двутавр,колонный,40К19,1696.33,1331.6,668,435,96,155,22,,,,,,ГОСТ Р 57837-2017 — machine-readable public transcription,https://github.com/vkorotenko/calcxactive/blob/9599e47a145b42f70d11976ea9b3c61a3e161564/src/typos/data57837.js,2026-10-01T00:00:00Z
ГОСТ Р 57837-2017,Двутавр,колонный,40К2,218.69,171.7,400,400,13,21,22,,,,,,ГОСТ Р 57837-2017 — machine-readable public transcription,https://github.com/vkorotenko/calcxactive/blob/9599e47a145b42f70d11976ea9b3c61a3e161564/src/typos/data57837.js,2026-10-01T00:00:00Z
ГОСТ Р 57837-2017,Двутавр,колонный,40К3,254.87,200.1,406,403,16,24,22,,,,,,ГОСТ Р 57837-2017 — machine-readable public transcription,https://github.com/vkorotenko/calcxactive/blob/9599e47a145b42f70d11976ea9b3c61a3e161564/src/typos/data57837.js,2026-10-01T00:00:00Z
ГОСТ Р 57837-2017,Двутавр,колонный,40К4,295.39,231.9,414,405,18,28,22,,,,,,ГОСТ Р 57837-2017 — machine-readable public transcription,https://github.com/vkorotenko/calcxactive/blob/9599e47a145b42f70d11976ea9b3c61a3e161564/src/typos/data57837.js,2026-10-01T00:00:00Z
ГОСТ Р 57837-2017,Двутавр,колонный,40К4.5,325.61,255.6,420,403,20,31,22,,,,,,ГОСТ Р 57837-2017 — machine-readable public transcription,https://github.com/vkorotenko/calcxactive/blob/9599e47a145b42f70d11976ea9b3c61a3e161564/src/typos/data57837.js,2026-10-01T00:00:00Z
ГОСТ Р 57837-2017,Двутавр,колонный,40К5,370.49,290.8,429,400,23,35.5,22,,,,,,ГОСТ Р 57837-2017 — machine-readable public transcription,https://github.com/vkorotenko/calcxactive/blob/9599e47a145b42f70d11976ea9b3c61a3e161564/src/typos/data57837.js,2026-10-01T00:00:00Z
ГОСТ Р 57837-2017,Двутавр,колонный,40К6,389.65,305.9,438,370,25,40,22,,,,,,ГОСТ Р 57837-2017 — machine-readable public transcription,https://github.com/vkorotenko/calcxactive/blob/9599e47a145b42f70d11976ea9b3c61a3e161564/src/typos/data57837.js,2026-10-01T00:00:00Z
ГОСТ Р 57837-2017,Двутавр,колонный,40К7,438.29,344.1,448,371,28,45,22,,,,,,ГОСТ Р 57837-2017 — machine-readable public transcription,https://github.com/vkorotenko/calcxactive/blob/9599e47a145b42f70d11976ea9b3c61a3e161564/src/typos/data57837.js,2026-10-01T00:00:00Z
ГОСТ Р 57837-2017,Двутавр,колонный,40К8,487.13,382.4,458,372,31,50,22,,,,,,ГОСТ Р 57837-2017 — machine-readable public transcription,https://github.com/vkorotenko/calcxactive/blob/9599e47a145b42f70d11976ea9b3c61a3e161564/src/typos/data57837.js,2026-10-01T00:00:00Z
ГОСТ Р 57837-2017,Двутавр,колонный,40К9,547.21,429.6,470,373,35,56,22,,,,,,ГОСТ Р 57837-2017 — machine-readable public transcription,https://github.com/vkorotenko/calcxactive/blob/9599e47a145b42f70d11976ea9b3c61a3e161564/src/typos/data57837.js,2026-10-01T00:00:00Z
ГОСТ Р 57837-2017,Двутавр,свайный,13С1,32.38,25.4,128,118,9,9,12,,,,,,ГОСТ Р 57837-2017 — machine-readable public transcription,https://github.com/vkorotenko/calcxactive/blob/9599e47a145b42f70d11976ea9b3c61a3e161564/src/typos/data57837.js,2026-10-01T00:00:00Z
ГОСТ Р 57837-2017,Двутавр,свайный,20С1,71.53,56.2,200,204,12,12,13,,,,,,ГОСТ Р 57837-2017 — machine-readable public transcription,https://github.com/vkorotenko/calcxactive/blob/9599e47a145b42f70d11976ea9b3c61a3e161564/src/typos/data57837.js,2026-10-01T00:00:00Z
ГОСТ Р 57837-2017,Двутавр,свайный,25С1,82.06,64.4,244,252,11,11,16,,,,,,ГОСТ Р 57837-2017 — machine-readable public transcription,https://github.com/vkorotenko/calcxactive/blob/9599e47a145b42f70d11976ea9b3c61a3e161564/src/typos/data57837.js,2026-10-01T00:00:00Z
ГОСТ Р 57837-2017,Двутавр,свайный,25С2,104.68,82.2,250,255,14,14,16,,,,,,ГОСТ Р 57837-2017 — machine-readable public transcription,https://github.com/vkorotenko/calcxactive/blob/9599e47a145b42f70d11976ea9b3c61a3e161564/src/typos/data57837.js,2026-10-01T00:00:00Z
ГОСТ Р 57837-2017,Двутавр,свайный,30С1,107.66,84.5,294,302,12,12,18,,,,,,ГОСТ Р 57837-2017 — machine-readable public transcription,https://github.com/vkorotenko/calcxactive/blob/9599e47a145b42f70d11976ea9b3c61a3e161564/src/typos/data57837.js,2026-10-01T00:00:00Z
ГОСТ Р 57837-2017,Двутавр,свайный,30С2,134.78,105.8,300,305,15,15,18,,,,,,ГОСТ Р 57837-2017 — machine-readable public transcription,https://github.com/vkorotenko/calcxactive/blob/9599e47a145b42f70d11976ea9b3c61a3e161564/src/typos/data57837.js,2026-10-01T00:00:00Z
ГОСТ Р 57837-2017,Двутавр,свайный,32С1,229.28,180,326.7,319.7,24.8,24.8,15.2,,,,,,ГОСТ Р 57837-2017 — machine-readable public transcription,https://github.com/vkorotenko/calcxactive/blob/9599e47a145b42f70d11976ea9b3c61a3e161564/src/typos/data57837.js,2026-10-01T00:00:00Z
ГОСТ Р 57837-2017,Двутавр,свайный,32С2,283.97,222.9,337.9,325.7,30.3,30.4,15.2,,,,,,ГОСТ Р 57837-2017 — machine-readable public transcription,https://github.com/vkorotenko/calcxactive/blob/9599e47a145b42f70d11976ea9b3c61a3e161564/src/typos/data57837.js,2026-10-01T00:00:00Z
ГОСТ Р 57837-2017,Двутавр,свайный,35С1,135.25,106.2,338,351,13,13,20,,,,,,ГОСТ Р 57837-2017 — machine-readable public transcription,https://github.com/vkorotenko/calcxactive/blob/9599e47a145b42f70d11976ea9b3c61a3e161564/src/typos/data57837.js,2026-10-01T00:00:00Z
ГОСТ Р 57837-2017,Двутавр,свайный,35С2,166.63,130.8,344,354,16,16,20,,,,,,ГОСТ Р 57837-2017 — machine-readable public transcription,https://github.com/vkorotenko/calcxactive/blob/9599e47a145b42f70d11976ea9b3c61a3e161564/src/typos/data57837.js,2026-10-01T00:00:00Z
ГОСТ Р 57837-2017,Двутавр,свайный,35С3,198.37,155.7,350,357,19,19,20,,,,,,ГОСТ Р 57837-2017 — machine-readable public transcription,https://github.com/vkorotenko/calcxactive/blob/9599e47a145b42f70d11976ea9b3c61a3e161564/src/typos/data57837.js,2026-10-01T00:00:00Z
ГОСТ Р 57837-2017,Двутавр,свайный,40С1,178.45,140.1,388,402,15,15,22,,,,,,ГОСТ Р 57837-2017 — machine-readable public transcription,https://github.com/vkorotenko/calcxactive/blob/9599e47a145b42f70d11976ea9b3c61a3e161564/src/typos/data57837.js,2026-10-01T00:00:00Z
ГОСТ Р 57837-2017,Двутавр,свайный,40С2,214.39,168.3,394,405,18,18,22,,,,,,ГОСТ Р 57837-2017 — machine-readable public transcription,https://github.com/vkorotenko/calcxactive/blob/9599e47a145b42f70d11976ea9b3c61a3e161564/src/typos/data57837.js,2026-10-01T00:00:00Z
ГОСТ Р 57837-2017,Двутавр,свайный,40С3,250.69,196.8,400,408,21,21,22,,,,,,ГОСТ Р 57837-2017 — machine-readable public transcription,https://github.com/vkorotenko/calcxactive/blob/9599e47a145b42f70d11976ea9b3c61a3e161564/src/typos/data57837.js,2026-10-01T00:00:00Z
ГОСТ Р 57837-2017,Двутавр,дополнительной серии балочный,20ДБ1,33.87,26.6,207,133,5.8,8.4,7.6,,,,,,ГОСТ Р 57837-2017 — machine-readable public transcription,https://github.com/vkorotenko/calcxactive/blob/9599e47a145b42f70d11976ea9b3c61a3e161564/src/typos/data57837.js,2026-10-01T00:00:00Z
ГОСТ Р 57837-2017,Двутавр,дополнительной серии балочный,20ДБ2,39.97,31.4,210,134,6.4,10.2,7.6,,,,,,ГОСТ Р 57837-2017 — machine-readable public transcription,https://github.com/vkorotenko/calcxactive/blob/9599e47a145b42f70d11976ea9b3c61a3e161564/src/typos/data57837.js,2026-10-01T00:00:00Z
ГОСТ Р 57837-2017,Двутавр,дополнительной серии балочный,25ДБ1,39.64,31.1,251,146,6,8.6,7.6,,,,,,ГОСТ Р 57837-2017 — machine-readable public transcription,https://github.com/vkorotenko/calcxactive/blob/9599e47a145b42f70d11976ea9b3c61a3e161564/src/typos/data57837.js,2026-10-01T00:00:00Z
ГОСТ Р 57837-2017,Двутавр,дополнительной серии балочный,25ДБ2,47.08,37,256,146,6.3,10.9,7.6,,,,,,ГОСТ Р 57837-2017 — machine-readable public transcription,https://github.com/vkorotenko/calcxactive/blob/9599e47a145b42f70d11976ea9b3c61a3e161564/src/typos/data57837.js,2026-10-01T00:00:00Z
ГОСТ Р 57837-2017,Двутавр,дополнительной серии балочный,25ДБ3,54.73,43,260,147,7.2,12.7,7.6,,,,,,ГОСТ Р 57837-2017 — machine-readable public transcription,https://github.com/vkorotenko/calcxactive/blob/9599e47a145b42f70d11976ea9b3c61a3e161564/src/typos/data57837.js,2026-10-01T00:00:00Z
ГОСТ Р 57837-2017,Двутавр,дополнительной серии балочный,25ДБ4,41.7,32.7,258,146,6.1,9.1,7.6,,,,,,ГОСТ Р 57837-2017 — machine-readable public transcription,https://github.com/vkorotenko/calcxactive/blob/9599e47a145b42f70d11976ea9b3c61a3e161564/src/typos/data57837.js,2026-10-01T00:00:00Z
ГОСТ Р 57837-2017,Двутавр,дополнительной серии балочный,25ДБ5,49.24,38.7,262,147,6.6,11.2,7.6,,,,,,ГОСТ Р 57837-2017 — machine-readable public transcription,https://github.com/vkorotenko/calcxactive/blob/9599e47a145b42f70d11976ea9b3c61a3e161564/src/typos/data57837.js,2026-10-01T00:00:00Z
ГОСТ Р 57837-2017,Двутавр,дополнительной серии балочный,25ДБ6,57.22,44.9,266,148,7.6,13,7.6,,,,,,ГОСТ Р 57837-2017 — machine-readable public transcription,https://github.com/vkorotenko/calcxactive/blob/9599e47a145b42f70d11976ea9b3c61a3e161564/src/typos/data57837.js,2026-10-01T00:00:00Z
ГОСТ Р 57837-2017,Двутавр,дополнительной серии балочный,30ДБ1,36.12,28.4,309,102,6,8.9,7.6,,,,,,ГОСТ Р 57837-2017 — machine-readable public transcription,https://github.com/vkorotenko/calcxactive/blob/9599e47a145b42f70d11976ea9b3c61a3e161564/src/typos/data57837.js,2026-10-01T00:00:00Z
ГОСТ Р 57837-2017,Двутавр,дополнительной серии балочный,30ДБ2,41.76,32.8,313,102,6.6,10.8,7.6,,,,,,ГОСТ Р 57837-2017 — machine-readable public transcription,https://github.com/vkorotenko/calcxactive/blob/9599e47a145b42f70d11976ea9b3c61a3e161564/src/typos/data57837.js,2026-10-01T00:00:00Z
ГОСТ Р 57837-2017,Двутавр,дополнительной серии балочный,30ДБ3,49.54,38.9,310,165,5.8,9.7,8.9,,,,,,ГОСТ Р 57837-2017 — machine-readable public transcription,https://github.com/vkorotenko/calcxactive/blob/9599e47a145b42f70d11976ea9b3c61a3e161564/src/typos/data57837.js,2026-10-01T00:00:00Z
ГОСТ Р 57837-2017,Двутавр,дополнительной серии балочный,30ДБ4,57.04,44.8,313,166,6.6,11.2,8.9,,,,,,ГОСТ Р 57837-2017 — machine-readable public transcription,https://github.com/vkorotenko/calcxactive/blob/9599e47a145b42f70d11976ea9b3c61a3e161564/src/typos/data57837.js,2026-10-01T00:00:00Z
ГОСТ Р 57837-2017,Двутавр,дополнительной серии балочный,30ДБ5,66.85,52.5,317,167,7.6,13.2,8.9,,,,,,ГОСТ Р 57837-2017 — machine-readable public transcription,https://github.com/vkorotenko/calcxactive/blob/9599e47a145b42f70d11976ea9b3c61a3e161564/src/typos/data57837.js,2026-10-01T00:00:00Z
ГОСТ Р 57837-2017,Двутавр,дополнительной серии балочный,30ДБ6,51.3,40.3,303,165,6,10.2,8.9,,,,,,ГОСТ Р 57837-2017 — machine-readable public transcription,https://github.com/vkorotenko/calcxactive/blob/9599e47a145b42f70d11976ea9b3c61a3e161564/src/typos/data57837.js,2026-10-01T00:00:00Z
ГОСТ Р 57837-2017,Двутавр,дополнительной серии балочный,30ДБ7,58.84,46.2,307,166,6.7,11.8,8.9,,,,,,ГОСТ Р 57837-2017 — machine-readable public transcription,https://github.com/vkorotenko/calcxactive/blob/9599e47a145b42f70d11976ea9b3c61a3e161564/src/typos/data57837.js,2026-10-01T00:00:00Z
ГОСТ Р 57837-2017,Двутавр,дополнительной серии балочный,30ДБ8,68.76,54,310,167,7.9,13.7,8.9,,,,,,ГОСТ Р 57837-2017 — machine-readable public transcription,https://github.com/vkorotenko/calcxactive/blob/9599e47a145b42f70d11976ea9b3c61a3e161564/src/typos/data57837.js,2026-10-01T00:00:00Z
ГОСТ Р 57837-2017,Двутавр,дополнительной серии балочный,35ДБ1,41.74,32.8,349,127,5.8,8.5,10.2,,,,,,ГОСТ Р 57837-2017 — machine-readable public transcription,https://github.com/vkorotenko/calcxactive/blob/9599e47a145b42f70d11976ea9b3c61a3e161564/src/typos/data57837.js,2026-10-01T00:00:00Z
ГОСТ Р 57837-2017,Двутавр,дополнительной серии балочный,35ДБ10,155.28,121.9,363,257,13,21.7,16,,,,,,ГОСТ Р 57837-2017 — machine-readable public transcription,https://github.com/vkorotenko/calcxactive/blob/9599e47a145b42f70d11976ea9b3c61a3e161564/src/typos/data57837.js,2026-10-01T00:00:00Z
ГОСТ Р 57837-2017,Двутавр,дополнительной серии балочный,35ДБ2,49.84,39.1,353,128,6.5,10.7,10.2,,,,,,ГОСТ Р 57837-2017 — machine-readable public transcription,https://github.com/vkorotenko/calcxactive/blob/9599e47a145b42f70d11976ea9b3c61a3e161564/src/typos/data57837.js,2026-10-01T00:00:00Z
ГОСТ Р 57837-2017,Двутавр,дополнительной серии балочный,35ДБ3,57.34,45,352,171,6.9,9.8,10.2,,,,,,ГОСТ Р 57837-2017 — machine-readable public transcription,https://github.com/vkorotenko/calcxactive/blob/9599e47a145b42f70d11976ea9b3c61a3e161564/src/typos/data57837.js,2026-10-01T00:00:00Z
ГОСТ Р 57837-2017,Двутавр,дополнительной серии балочный,35ДБ4,64.45,50.6,355,171,7.2,11.6,10.2,,,,,,ГОСТ Р 57837-2017 — machine-readable public transcription,https://github.com/vkorotenko/calcxactive/blob/9599e47a145b42f70d11976ea9b3c61a3e161564/src/typos/data57837.js,2026-10-01T00:00:00Z
ГОСТ Р 57837-2017,Двутавр,дополнительной серии балочный,35ДБ5,72.17,56.7,358,172,7.9,13.1,10.2,,,,,,ГОСТ Р 57837-2017 — machine-readable public transcription,https://github.com/vkorotenko/calcxactive/blob/9599e47a145b42f70d11976ea9b3c61a3e161564/src/typos/data57837.js,2026-10-01T00:00:00Z
ГОСТ Р 57837-2017,Двутавр,дополнительной серии балочный,35ДБ6,85.45,67.1,363,173.2,9.1,15.7,10.2,,,,,,ГОСТ Р 57837-2017 — machine-readable public transcription,https://github.com/vkorotenko/calcxactive/blob/9599e47a145b42f70d11976ea9b3c61a3e161564/src/typos/data57837.js,2026-10-01T00:00:00Z
ГОСТ Р 57837-2017,Двутавр,дополнительной серии балочный,35ДБ7,115.93,91,353,254,9.5,16.4,16,,,,,,ГОСТ Р 57837-2017 — machine-readable public transcription,https://github.com/vkorotenko/calcxactive/blob/9599e47a145b42f70d11976ea9b3c61a3e161564/src/typos/data57837.js,2026-10-01T00:00:00Z
ГОСТ Р 57837-2017,Двутавр,дополнительной серии балочный,35ДБ8,129.17,101.4,357,255,10.5,18.3,16,,,,,,ГОСТ Р 57837-2017 — machine-readable public transcription,https://github.com/vkorotenko/calcxactive/blob/9599e47a145b42f70d11976ea9b3c61a3e161564/src/typos/data57837.js,2026-10-01T00:00:00Z
ГОСТ Р 57837-2017,Двутавр,дополнительной серии балочный,35ДБ9,140.59,110.4,360,256,11.4,19.9,16,,,,,,ГОСТ Р 57837-2017 — machine-readable public transcription,https://github.com/vkorotenko/calcxactive/blob/9599e47a145b42f70d11976ea9b3c61a3e161564/src/typos/data57837.js,2026-10-01T00:00:00Z
ГОСТ Р 57837-2017,Двутавр,дополнительной серии балочный,40ДБ1,49.94,39.2,399,140,6.4,8.8,10.2,,,,,,ГОСТ Р 57837-2017 — machine-readable public transcription,https://github.com/vkorotenko/calcxactive/blob/9599e47a145b42f70d11976ea9b3c61a3e161564/src/typos/data57837.js,2026-10-01T00:00:00Z
ГОСТ Р 57837-2017,Двутавр,дополнительной серии балочный,40ДБ2,58.9,46.2,403,140,7,11.2,10.2,,,,,,ГОСТ Р 57837-2017 — machine-readable public transcription,https://github.com/vkorotenko/calcxactive/blob/9599e47a145b42f70d11976ea9b3c61a3e161564/src/typos/data57837.js,2026-10-01T00:00:00Z
ГОСТ Р 57837-2017,Двутавр,дополнительной серии балочный,40ДБ3,68.07,53.4,403,177,7.5,10.9,10.2,,,,,,ГОСТ Р 57837-2017 — machine-readable public transcription,https://github.com/vkorotenko/calcxactive/blob/9599e47a145b42f70d11976ea9b3c61a3e161564/src/typos/data57837.js,2026-10-01T00:00:00Z
ГОСТ Р 57837-2017,Двутавр,дополнительной серии балочный,40ДБ4,75.83,59.5,407,178,7.7,12.8,10.2,,,,,,ГОСТ Р 57837-2017 — machine-readable public transcription,https://github.com/vkorotenko/calcxactive/blob/9599e47a145b42f70d11976ea9b3c61a3e161564/src/typos/data57837.js,2026-10-01T00:00:00Z
ГОСТ Р 57837-2017,Двутавр,дополнительной серии балочный,40ДБ5,85.99,67.5,410,179,8.8,14.4,10.2,,,,,,ГОСТ Р 57837-2017 — machine-readable public transcription,https://github.com/vkorotenko/calcxactive/blob/9599e47a145b42f70d11976ea9b3c61a3e161564/src/typos/data57837.js,2026-10-01T00:00:00Z
ГОСТ Р 57837-2017,Двутавр,дополнительной серии балочный,40ДБ6,95.45,74.9,413,180,9.7,16,10.2,,,,,,ГОСТ Р 57837-2017 — machine-readable public transcription,https://github.com/vkorotenko/calcxactive/blob/9599e47a145b42f70d11976ea9b3c61a3e161564/src/typos/data57837.js,2026-10-01T00:00:00Z
ГОСТ Р 57837-2017,Двутавр,дополнительной серии балочный,40ДБ7,108.26,85,417,181,10.9,18.2,10.2,,,,,,ГОСТ Р 57837-2017 — machine-readable public transcription,https://github.com/vkorotenko/calcxactive/blob/9599e47a145b42f70d11976ea9b3c61a3e161564/src/typos/data57837.js,2026-10-01T00:00:00Z
ГОСТ Р 57837-2017,Двутавр,дополнительной серии балочный,45ДБ1,66.28,52,450,152,7.6,10.8,10.2,,,,,,ГОСТ Р 57837-2017 — machine-readable public transcription,https://github.com/vkorotenko/calcxactive/blob/9599e47a145b42f70d11976ea9b3c61a3e161564/src/typos/data57837.js,2026-10-01T00:00:00Z
ГОСТ Р 57837-2017,Двутавр,дополнительной серии балочный,45ДБ10,123.03,96.6,466,193,11.4,19,10.2,,,,,,ГОСТ Р 57837-2017 — machine-readable public transcription,https://github.com/vkorotenko/calcxactive/blob/9599e47a145b42f70d11976ea9b3c61a3e161564/src/typos/data57837.js,2026-10-01T00:00:00Z
ГОСТ Р 57837-2017,Двутавр,дополнительной серии балочный,45ДБ11,134.72,105.8,469,194,12.6,20.6,10.2,,,,,,ГОСТ Р 57837-2017 — machine-readable public transcription,https://github.com/vkorotenko/calcxactive/blob/9599e47a145b42f70d11976ea9b3c61a3e161564/src/typos/data57837.js,2026-10-01T00:00:00Z
ГОСТ Р 57837-2017,Двутавр,дополнительной серии балочный,45ДБ2,75.86,59.6,455,153,8,13.3,10.2,,,,,,ГОСТ Р 57837-2017 — machine-readable public transcription,https://github.com/vkorotenko/calcxactive/blob/9599e47a145b42f70d11976ea9b3c61a3e161564/src/typos/data57837.js,2026-10-01T00:00:00Z
ГОСТ Р 57837-2017,Двутавр,дополнительной серии балочный,45ДБ3,87.29,68.5,459,154,9.1,15.4,10.2,,,,,,ГОСТ Р 57837-2017 — machine-readable public transcription,https://github.com/vkorotenko/calcxactive/blob/9599e47a145b42f70d11976ea9b3c61a3e161564/src/typos/data57837.js,2026-10-01T00:00:00Z
ГОСТ Р 57837-2017,Двутавр,дополнительной серии балочный,45ДБ4,94.48,74.2,462,154.4,9.6,17,10.2,,,,,,ГОСТ Р 57837-2017 — machine-readable public transcription,https://github.com/vkorotenko/calcxactive/blob/9599e47a145b42f70d11976ea9b3c61a3e161564/src/typos/data57837.js,2026-10-01T00:00:00Z
ГОСТ Р 57837-2017,Двутавр,дополнительной серии балочный,45ДБ5,104.56,82.1,466,155.3,10.5,18.9,10.2,,,,,,ГОСТ Р 57837-2017 — machine-readable public transcription,https://github.com/vkorotenko/calcxactive/blob/9599e47a145b42f70d11976ea9b3c61a3e161564/src/typos/data57837.js,2026-10-01T00:00:00Z
ГОСТ Р 57837-2017,Двутавр,дополнительной серии балочный,45ДБ6,85.47,67.1,453,189.9,8.5,12.7,10.2,,,,,,ГОСТ Р 57837-2017 — machine-readable public transcription,https://github.com/vkorotenko/calcxactive/blob/9599e47a145b42f70d11976ea9b3c61a3e161564/src/typos/data57837.js,2026-10-01T00:00:00Z
ГОСТ Р 57837-2017,Двутавр,дополнительной серии балочный,45ДБ7,94.51,74.2,457,190,9,14.5,10.2,,,,,,ГОСТ Р 57837-2017 — machine-readable public transcription,https://github.com/vkorotenko/calcxactive/blob/9599e47a145b42f70d11976ea9b3c61a3e161564/src/typos/data57837.js,2026-10-01T00:00:00Z
ГОСТ Р 57837-2017,Двутавр,дополнительной серии балочный,45ДБ8,104.39,81.9,460,191,9.9,16,10.2,,,,,,ГОСТ Р 57837-2017 — machine-readable public transcription,https://github.com/vkorotenko/calcxactive/blob/9599e47a145b42f70d11976ea9b3c61a3e161564/src/typos/data57837.js,2026-10-01T00:00:00Z
ГОСТ Р 57837-2017,Двутавр,дополнительной серии балочный,45ДБ9,113.76,89.3,463,192,10.5,17.7,10.2,,,,,,ГОСТ Р 57837-2017 — machine-readable public transcription,https://github.com/vkorotenko/calcxactive/blob/9599e47a145b42f70d11976ea9b3c61a3e161564/src/typos/data57837.js,2026-10-01T00:00:00Z
ГОСТ Р 57837-2017,Двутавр,дополнительной серии балочный,53ДБ3,117.78,92.5,533,209,10.2,15.6,12.7,,,,,,ГОСТ Р 57837-2017 — machine-readable public transcription,https://github.com/vkorotenko/calcxactive/blob/9599e47a145b42f70d11976ea9b3c61a3e161564/src/typos/data57837.js,2026-10-01T00:00:00Z
ГОСТ Р 57837-2017,Двутавр,дополнительной серии балочный,53ДБ4,129.2,101.4,537,210,10.9,17.4,12.7,,,,,,ГОСТ Р 57837-2017 — machine-readable public transcription,https://github.com/vkorotenko/calcxactive/blob/9599e47a145b42f70d11976ea9b3c61a3e161564/src/typos/data57837.js,2026-10-01T00:00:00Z
ГОСТ Р 57837-2017,Двутавр,дополнительной серии балочный,53ДБ5,138.88,109,539,211,11.6,18.8,12.7,,,,,,ГОСТ Р 57837-2017 — machine-readable public transcription,https://github.com/vkorotenko/calcxactive/blob/9599e47a145b42f70d11976ea9b3c61a3e161564/src/typos/data57837.js,2026-10-01T00:00:00Z
ГОСТ Р 57837-2017,Двутавр,дополнительной серии балочный,53ДБ6,156.98,123.2,544,212,13.1,21.2,12.7,,,,,,ГОСТ Р 57837-2017 — machine-readable public transcription,https://github.com/vkorotenko/calcxactive/blob/9599e47a145b42f70d11976ea9b3c61a3e161564/src/typos/data57837.js,2026-10-01T00:00:00Z
ГОСТ Р 57837-2017,Двутавр,дополнительной серии балочный,53ДБ7,176.16,138.3,549,214,14.7,23.6,12.7,,,,,,ГОСТ Р 57837-2017 — machine-readable public transcription,https://github.com/vkorotenko/calcxactive/blob/9599e47a145b42f70d11976ea9b3c61a3e161564/src/typos/data57837.js,2026-10-01T00:00:00Z
ГОСТ Р 57837-2017,Двутавр,дополнительной серии балочный,60ДБ1,104.29,81.9,599,178,10,12.8,12.7,,,,,,ГОСТ Р 57837-2017 — machine-readable public transcription,https://github.com/vkorotenko/calcxactive/blob/9599e47a145b42f70d11976ea9b3c61a3e161564/src/typos/data57837.js,2026-10-01T00:00:00Z
ГОСТ Р 57837-2017,Двутавр,дополнительной серии балочный,60ДБ2,117.54,92.3,603,179,10.9,15,12.7,,,,,,ГОСТ Р 57837-2017 — machine-readable public transcription,https://github.com/vkorotenko/calcxactive/blob/9599e47a145b42f70d11976ea9b3c61a3e161564/src/typos/data57837.js,2026-10-01T00:00:00Z
ГОСТ Р 57837-2017,Двутавр,дополнительной серии балочный,60ДБ3,129.51,101.7,603,228,10.5,14.9,12.7,,,,,,ГОСТ Р 57837-2017 — machine-readable public transcription,https://github.com/vkorotenko/calcxactive/blob/9599e47a145b42f70d11976ea9b3c61a3e161564/src/typos/data57837.js,2026-10-01T00:00:00Z
ГОСТ Р 57837-2017,Двутавр,дополнительной серии балочный,60ДБ4,144.49,113.4,608,228,11.2,17.3,12.7,,,,,,ГОСТ Р 57837-2017 — machine-readable public transcription,https://github.com/vkorotenko/calcxactive/blob/9599e47a145b42f70d11976ea9b3c61a3e161564/src/typos/data57837.js,2026-10-01T00:00:00Z
ГОСТ Р 57837-2017,Двутавр,дополнительной серии балочный,60ДБ5,159.32,125.1,612,229,11.9,19.6,12.7,,,,,,ГОСТ Р 57837-2017 — machine-readable public transcription,https://github.com/vkorotenko/calcxactive/blob/9599e47a145b42f70d11976ea9b3c61a3e161564/src/typos/data57837.js,2026-10-01T00:00:00Z
ГОСТ Р 57837-2017,Двутавр,дополнительной серии балочный,60ДБ6,178.52,140.1,617,230,13.1,22.2,12.7,,,,,,ГОСТ Р 57837-2017 — machine-readable public transcription,https://github.com/vkorotenko/calcxactive/blob/9599e47a145b42f70d11976ea9b3c61a3e161564/src/typos/data57837.js,2026-10-01T00:00:00Z
ГОСТ Р 57837-2017,Двутавр,дополнительной серии колонный,10ДК1,21.24,16.7,96,100,5,8,12,,,,,,ГОСТ Р 57837-2017 — machine-readable public transcription,https://github.com/vkorotenko/calcxactive/blob/9599e47a145b42f70d11976ea9b3c61a3e161564/src/typos/data57837.js,2026-10-01T00:00:00Z
ГОСТ Р 57837-2017,Двутавр,дополнительной серии колонный,10ДК2,26.04,20.4,100,100,6,10,12,,,,,,ГОСТ Р 57837-2017 — machine-readable public transcription,https://github.com/vkorotenko/calcxactive/blob/9599e47a145b42f70d11976ea9b3c61a3e161564/src/typos/data57837.js,2026-10-01T00:00:00Z
ГОСТ Р 57837-2017,Двутавр,дополнительной серии колонный,10ДК3,53.24,41.8,120,106,12,20,12,,,,,,ГОСТ Р 57837-2017 — machine-readable public transcription,https://github.com/vkorotenko/calcxactive/blob/9599e47a145b42f70d11976ea9b3c61a3e161564/src/typos/data57837.js,2026-10-01T00:00:00Z
ГОСТ Р 57837-2017,Двутавр,дополнительной серии колонный,12ДК1,25.34,19.9,114,120,5,8,12,,,,,,ГОСТ Р 57837-2017 — machine-readable public transcription,https://github.com/vkorotenko/calcxactive/blob/9599e47a145b42f70d11976ea9b3c61a3e161564/src/typos/data57837.js,2026-10-01T00:00:00Z
ГОСТ Р 57837-2017,Двутавр,дополнительной серии колонный,12ДК2,34.01,26.7,120,120,6.5,11,12,,,,,,ГОСТ Р 57837-2017 — machine-readable public transcription,https://github.com/vkorotenko/calcxactive/blob/9599e47a145b42f70d11976ea9b3c61a3e161564/src/typos/data57837.js,2026-10-01T00:00:00Z
ГОСТ Р 57837-2017,Двутавр,дополнительной серии колонный,12ДК3,66.41,52.1,140,126,12.5,21,12,,,,,,ГОСТ Р 57837-2017 — machine-readable public transcription,https://github.com/vkorotenko/calcxactive/blob/9599e47a145b42f70d11976ea9b3c61a3e161564/src/typos/data57837.js,2026-10-01T00:00:00Z
ГОСТ Р 57837-2017,Двутавр,дополнительной серии колонный,14ДК1,31.42,24.7,133,140,5.5,8.5,12,,,,,,ГОСТ Р 57837-2017 — machine-readable public transcription,https://github.com/vkorotenko/calcxactive/blob/9599e47a145b42f70d11976ea9b3c61a3e161564/src/typos/data57837.js,2026-10-01T00:00:00Z
ГОСТ Р 57837-2017,Двутавр,дополнительной серии колонный,14ДК2,42.96,33.7,140,140,7,12,12,,,,,,ГОСТ Р 57837-2017 — machine-readable public transcription,https://github.com/vkorotenko/calcxactive/blob/9599e47a145b42f70d11976ea9b3c61a3e161564/src/typos/data57837.js,2026-10-01T00:00:00Z
ГОСТ Р 57837-2017,Двутавр,дополнительной серии колонный,14ДК3,80.12,62.9,160,145,13,22,12,,,,,,ГОСТ Р 57837-2017 — machine-readable public transcription,https://github.com/vkorotenko/calcxactive/blob/9599e47a145b42f70d11976ea9b3c61a3e161564/src/typos/data57837.js,2026-10-01T00:00:00Z
ГОСТ Р 57837-2017,Двутавр,дополнительной серии колонный,15ДК1,28.61,22.5,152,152,5.8,6.6,7.6,,,,,,ГОСТ Р 57837-2017 — machine-readable public transcription,https://github.com/vkorotenko/calcxactive/blob/9599e47a145b42f70d11976ea9b3c61a3e161564/src/typos/data57837.js,2026-10-01T00:00:00Z
ГОСТ Р 57837-2017,Двутавр,дополнительной серии колонный,15ДК2,38.09,29.9,157,153,6.6,9.3,7.6,,,,,,ГОСТ Р 57837-2017 — machine-readable public transcription,https://github.com/vkorotenko/calcxactive/blob/9599e47a145b42f70d11976ea9b3c61a3e161564/src/typos/data57837.js,2026-10-01T00:00:00Z
ГОСТ Р 57837-2017,Двутавр,дополнительной серии колонный,15ДК3,47.47,37.3,162,154,8.1,11.6,7.6,,,,,,ГОСТ Р 57837-2017 — machine-readable public transcription,https://github.com/vkorotenko/calcxactive/blob/9599e47a145b42f70d11976ea9b3c61a3e161564/src/typos/data57837.js,2026-10-01T00:00:00Z
ГОСТ Р 57837-2017,Двутавр,дополнительной серии колонный,16ДК1,38.77,30.4,152,160,6,9,15,,,,,,ГОСТ Р 57837-2017 — machine-readable public transcription,https://github.com/vkorotenko/calcxactive/blob/9599e47a145b42f70d11976ea9b3c61a3e161564/src/typos/data57837.js,2026-10-01T00:00:00Z
ГОСТ Р 57837-2017,Двутавр,дополнительной серии колонный,16ДК2,54.25,42.6,160,160,8,13,15,,,,,,ГОСТ Р 57837-2017 — machine-readable public transcription,https://github.com/vkorotenko/calcxactive/blob/9599e47a145b42f70d11976ea9b3c61a3e161564/src/typos/data57837.js,2026-10-01T00:00:00Z
ГОСТ Р 57837-2017,Двутавр,дополнительной серии колонный,16ДК3,97.05,76.2,180,166,14,23,15,,,,,,ГОСТ Р 57837-2017 — machine-readable public transcription,https://github.com/vkorotenko/calcxactive/blob/9599e47a145b42f70d11976ea9b3c61a3e161564/src/typos/data57837.js,2026-10-01T00:00:00Z
ГОСТ Р 57837-2017,Двутавр,дополнительной серии колонный,18ДК1,45.25,35.5,171,180,6,9.5,15,,,,,,ГОСТ Р 57837-2017 — machine-readable public transcription,https://github.com/vkorotenko/calcxactive/blob/9599e47a145b42f70d11976ea9b3c61a3e161564/src/typos/data57837.js,2026-10-01T00:00:00Z
ГОСТ Р 57837-2017,Двутавр,дополнительной серии колонный,18ДК2,64.95,51,180,180,8.3,14,15,,,,,,ГОСТ Р 57837-2017 — machine-readable public transcription,https://github.com/vkorotenko/calcxactive/blob/9599e47a145b42f70d11976ea9b3c61a3e161564/src/typos/data57837.js,2026-10-01T00:00:00Z
ГОСТ Р 57837-2017,Двутавр,дополнительной серии колонный,18ДК3,113.25,88.9,200,186,14.5,24,15,,,,,,ГОСТ Р 57837-2017 — machine-readable public transcription,https://github.com/vkorotenko/calcxactive/blob/9599e47a145b42f70d11976ea9b3c61a3e161564/src/typos/data57837.js,2026-10-01T00:00:00Z
ГОСТ Р 57837-2017,Двутавр,дополнительной серии колонный,20ДК1,58.59,46,203,203,7.2,11,10.2,,,,,,ГОСТ Р 57837-2017 — machine-readable public transcription,https://github.com/vkorotenko/calcxactive/blob/9599e47a145b42f70d11976ea9b3c61a3e161564/src/typos/data57837.js,2026-10-01T00:00:00Z
ГОСТ Р 57837-2017,Двутавр,дополнительной серии колонный,20ДК2,66.58,52.3,206,204,7.9,12.6,10.2,,,,,,ГОСТ Р 57837-2017 — machine-readable public transcription,https://github.com/vkorotenko/calcxactive/blob/9599e47a145b42f70d11976ea9b3c61a3e161564/src/typos/data57837.js,2026-10-01T00:00:00Z
ГОСТ Р 57837-2017,Двутавр,дополнительной серии колонный,20ДК3,75.64,59.4,210,205,9.1,14.2,10.2,,,,,,ГОСТ Р 57837-2017 — machine-readable public transcription,https://github.com/vkorotenko/calcxactive/blob/9599e47a145b42f70d11976ea9b3c61a3e161564/src/typos/data57837.js,2026-10-01T00:00:00Z
ГОСТ Р 57837-2017,Двутавр,дополнительной серии колонный,20ДК4,91.06,71.5,216,206,10.2,17.4,10.2,,,,,,ГОСТ Р 57837-2017 — machine-readable public transcription,https://github.com/vkorotenko/calcxactive/blob/9599e47a145b42f70d11976ea9b3c61a3e161564/src/typos/data57837.js,2026-10-01T00:00:00Z
ГОСТ Р 57837-2017,Двутавр,дополнительной серии колонный,20ДК5,110.51,86.8,222,209,13,20.6,10.2,,,,,,ГОСТ Р 57837-2017 — machine-readable public transcription,https://github.com/vkorotenko/calcxactive/blob/9599e47a145b42f70d11976ea9b3c61a3e161564/src/typos/data57837.js,2026-10-01T00:00:00Z
ГОСТ Р 57837-2017,Двутавр,дополнительной серии колонный,20ДК6,126.77,99.5,229,210,14.5,23.7,10.2,,,,,,ГОСТ Р 57837-2017 — machine-readable public transcription,https://github.com/vkorotenko/calcxactive/blob/9599e47a145b42f70d11976ea9b3c61a3e161564/src/typos/data57837.js,2026-10-01T00:00:00Z
ГОСТ Р 57837-2017,Двутавр,дополнительной серии колонный,25ДК1,92.84,72.9,253,254,8.6,14.2,12.7,,,,,,ГОСТ Р 57837-2017 — machine-readable public transcription,https://github.com/vkorotenko/calcxactive/blob/9599e47a145b42f70d11976ea9b3c61a3e161564/src/typos/data57837.js,2026-10-01T00:00:00Z
ГОСТ Р 57837-2017,Двутавр,дополнительной серии колонный,25ДК2,102.08,80.1,256,255,9.4,15.6,12.7,,,,,,ГОСТ Р 57837-2017 — machine-readable public transcription,https://github.com/vkorotenko/calcxactive/blob/9599e47a145b42f70d11976ea9b3c61a3e161564/src/typos/data57837.js,2026-10-01T00:00:00Z
ГОСТ Р 57837-2017,Двутавр,дополнительной серии колонный,25ДК3,114.08,89.6,260,256,10.7,17.3,12.7,,,,,,ГОСТ Р 57837-2017 — machine-readable public transcription,https://github.com/vkorotenko/calcxactive/blob/9599e47a145b42f70d11976ea9b3c61a3e161564/src/typos/data57837.js,2026-10-01T00:00:00Z
ГОСТ Р 57837-2017,Двутавр,дополнительной серии колонный,25ДК4,128.88,101.2,264,257,11.9,19.6,12.7,,,,,,ГОСТ Р 57837-2017 — machine-readable public transcription,https://github.com/vkorotenko/calcxactive/blob/9599e47a145b42f70d11976ea9b3c61a3e161564/src/typos/data57837.js,2026-10-01T00:00:00Z
